County,Municipality,Location,Property Count,Mean Property Tax,Median Property Tax,Mean Market Value,Median Market Value,Serious Crimes,Auto Theft,Larceny,Total,Population,Avg. Income,2018 Avg Score,2019 Avg Score,School Count
MONMOUTH,ABERDEEN TWP,"40.436522, -74.234672",6335,7995.348782951862,8250.99,332777.47073483374,343417.6116385373,119.4,65.3,789.0,973.6999999999999,2573.0,47906.0,51.849535,63.89889,2.0
ATLANTIC,ABSECON CITY,"39.471343, -74.447517",3278,5580.447107992683,5573.36,180412.3076335807,180183.18593729552,351.29999999999995,60.6,2132.9,2544.7999999999997,34958.0,51397.0,41.017145,39.1078,2.0
BERGEN,ALLENDALE BORO,"41.032669, -74.133826",2250,15198.085404444466,13502.915,693989.2414666443,616582.7792820672,116.6,58.3,378.8,553.6999999999999,6674.0,105387.0,97.40906333333332,97.11242666666668,3.0
MONMOUTH,ALLENHURST BORO,0,298,14537.485000000008,12137.805,2095602.0780898198,1749684.3079424659,0.0,0.0,1229.5,1229.5,0.0,0.0,0.0,0.0,0.0
MONMOUTH,ALLENTOWN BORO,"40.135366, -74.098050",594,8833.407104377091,8545.44,295285.8499503922,285659.59700303193,110.6,0.0,221.2,331.79999999999995,933.0,117071.0,0.0,0.0,0.0
WARREN,ALPHA BORO,"40.708224, -75.147074",804,5821.7188432835765,5722.71,175617.24942967144,172630.56092843323,349.59999999999997,0.0,1311.1,1660.6999999999998,28925.0,44092.0,41.69853636363637,47.710191,11.0
BERGEN,ALPINE BORO,"40.984877, -73.912695",659,21381.131016691954,17349.03,3085097.288936243,2503302.812975077,106.8,213.6,106.8,427.2,1649.0,128287.0,95.25073499999999,95.697465,2.0
MONMOUTH,ASBURY PARK CITY,"40.246796, -74.055541",3317,5340.527232438953,4740.12,319297.7692519903,283400.80971659924,1514.2000000000003,57.3,2907.7000000000007,4479.200000000002,39908.0,40046.0,26.440569999999997,26.971225,12.0
ATLANTIC,ATLANTIC CITY CITY,"39.372200, -74.453868",10825,4520.335151039215,3858.04,122389.59641663346,104457.73217737528,1268.4,232.5,4945.4,6446.299999999999,40517.0,26969.0,23.456633888888884,29.512002666666664,18.0
CAMDEN,AUDUBON BORO,"39.890992, -75.073329",2993,7095.883635148673,6939.64,206664.4204400488,202113.89481622036,344.4,58.1,3304.1,3706.5999999999995,10284.0,47220.0,54.81753666666666,51.406686666666666,3.0
CAPE MAY,AVALON BORO,"39.094697, -74.736156",5429,7724.462810830682,6140.5,1597740.7121539162,1270111.214623871,1351.4,0.0,11526.3,12877.699999999999,2234.0,56932.0,70.32186999999999,73.21615,1.0
OCEAN,BARNEGAT TWP,0,8861,6515.121305721676,6388.59,247190.49635009852,242389.7666633456,110.0,13.2,474.2,597.4000000000001,0.0,0.0,0.0,0.0,0.0
CAMDEN,BARRINGTON BORO,"39.892421, -75.036651",2014,8247.313008937439,7530.89,207362.88593471335,189349.80185238156,150.1,60.0,705.5,915.6,21909.0,58115.5,75.09829222222221,77.46858444444445,9.0
HUDSON,BAYONNE CITY,"40.665183, -74.110059",11206,10387.943924683155,10530.21,359853.4141842742,364781.7169645472,326.3,85.19999999999997,667.4,1078.9,61842.0,41566.0,50.18398086956522,52.05957260869566,23.0
OCEAN,BEACH HAVEN BORO,"39.756653, -74.132728",2283,9311.984288217262,8479.55,880783.5248763842,802046.8792903625,427.7,0.0,11633.8,12061.5,7792.0,45974.0,46.20305499999999,40.62377,2.0
OCEAN,BEACHWOOD BORO,"39.928405, -74.202189",3741,4865.578201015774,4634.33,226660.34364965337,215887.77057711396,1180.2,129.9,3495.0,4805.1,10651.0,66988.66666666667,75.86688249999999,73.53062583333333,12.0
SOMERSET,BEDMINSTER TWP,"40.656019, -74.678657",4049,5143.253793529259,4468.29,391748.3119229981,340338.0690419473,86.1,49.2,356.8,492.09999999999997,7896.0,71219.0,78.97631,69.262885,2.0
ESSEX,BELLEVILLE TWP,"40.795515, -74.161850",8395,9503.608783799857,9615.98,251857.3063568468,254835.2816153029,410.0,241.2,972.9,1624.1000000000001,35900.0,48608.0,42.59010000000001,48.98329666666667,9.0
CAMDEN,BELLMAWR BORO,"39.867686, -75.093563",3380,6232.447792899401,6160.53,162981.59025861172,161100.90442791936,362.4,70.6,857.3999999999999,1290.3999999999996,11639.0,43987.0,39.304759999999995,38.03462,3.0
MONMOUTH,BELMAR BORO,"40.168908, -74.073226",2660,6900.917466165434,6193.525,603367.6084652066,541518.194579419,211.7,70.4,1376.6,1658.7,21697.0,57113.0,62.954035555555556,65.34702444444444,9.0
WARREN,BELVIDERE TOWN,"40.821516, -75.033111",831,7004.76290012034,6816.39,174678.58115793788,169981.10439950816,810.2,0.0,733.0999999999998,1543.2999999999997,7366.0,53402.0,38.291985999999994,36.91083199999999,5.0
BERGEN,BERGENFIELD BORO,"40.922334, -73.998001",6875,10581.111130181796,9772.28,372482.8674177614,344009.88996575284,93.80000000000001,7.2,224.0,325.0,26272.0,62166.0,67.91648571428571,69.62544,7.0
OCEAN,BERKELEY TWP,"39.933966, -74.168198",23283,4280.776528797877,3160.08,215534.63681941983,159108.21098423054,346.90000000000003,87.80000000000001,926.8,1361.5,119236.0,48637.2,41.150144499999996,40.8003845,20.0
CAMDEN,BERLIN BORO,"39.760656, -74.932860",2538,7596.877332545307,7213.675,236105.37178215585,224195.72453725454,666.8999999999999,121.0,3087.7000000000007,3875.6000000000004,11869.0,55369.0,62.626239999999996,66.96295,2.0
SOMERSET,BERNARDS TWP,"40.677383, -74.564513",9562,12561.53635327337,11427.5,662763.7166089007,602930.4185848718,107.50000000000001,129.60000000000002,640.7,877.8000000000001,24600.0,105471.0,92.43406166666666,93.82910499999998,6.0
BURLINGTON,BEVERLY CITY,"40.053356, -74.918438",856,5714.702710280373,5542.53,133698.18210097795,129670.11983091902,400.29999999999995,200.1,320.4,920.8,10585.0,48162.0,40.304784999999995,36.0535475,4.0
WARREN,BLAIRSTOWN TWP,"40.969280, -74.957637",1877,6761.984709643054,6405.5,299083.7591066849,283316.37843336724,103.80000000000003,17.3,121.0,242.10000000000002,12958.0,64910.0,48.406715999999996,44.629571999999996,5.0
ESSEX,BLOOMFIELD TWP,"40.809128, -74.187155",11674,10736.264830392294,10936.68,319053.14963878505,325008.9538322223,177.2,120.2,880.3000000000002,1177.7000000000003,47630.0,53225.0,53.737365999999994,61.29955777777778,10.0
PASSAIC,BLOOMINGDALE BORO,"41.020920, -74.332852",2453,10948.268141051767,10625.83,286284.0193483261,277852.6504941599,97.6,0.0,353.3,450.9,7567.0,68462.0,58.295919999999995,52.32131,2.0
BERGEN,BOGOTA BORO,"40.875012, -74.029072",2021,10270.322652152396,9972.48,321825.3615533994,312492.3228104656,82.4,23.6,305.9,411.9,8249.0,59813.0,67.2782175,67.584545,4.0
MORRIS,BOONTON TOWN,"40.930427, -74.415660",2381,10611.694619907626,10050.19,379538.4890860258,359455.6820803714,370.29999999999995,95.0,1031.9,1497.2000000000003,15044.0,75762.0,75.02307666666665,78.79826000000001,6.0
BURLINGTON,BORDENTOWN CITY,"40.100251, -74.717307",1199,6990.672527105928,6571.21,213577.3659561566,200762.04649880476,4532.700000000001,1213.1000000000001,7915.099999999999,13660.9,14883.0,47047.0,54.196715,59.14031249999999,4.0
SOMERSET,BOUND BROOK BORO,"40.570621, -74.537518",2284,7997.6824518388785,7698.21,259388.51325233074,249675.7352681713,390.8,50.6,1681.6,2123.0,12053.0,50634.0,15.639973333333332,20.190493333333333,3.0
MONMOUTH,BRADLEY BEACH BORO,"40.201604, -74.012056",1932,7588.8255020703955,7194.725,618598.3100824789,586473.456965631,261.0,23.7,1210.2,1494.9,4793.0,40878.0,29.060685,35.006295,2.0
SOMERSET,BRANCHBURG TWP,"40.525035, -74.620250",4927,9426.878410797619,9166.96,459138.6157601986,446479.22055599885,116.80000000000001,48.1,432.1,597.0000000000001,41956.0,68213.0,53.82355,55.55544999999999,4.0
OCEAN,BRICK TWP,"40.030427, -74.054466",30503,6657.211951283094,5623.78,327491.4569995323,276653.3376918761,282.19999999999993,16.0,890.1999999999998,1188.3999999999996,76164.0,58187.666666666664,50.34987833333333,48.25093416666666,12.0
CUMBERLAND,BRIDGETON CITY,"39.439049, -75.257663",4506,3227.296644474035,2887.34,77034.13347439685,68919.51978657182,1984.5,155.8,2251.3,4391.6,44450.0,35835.0,13.87573904761905,15.954744117647056,21.0
SOMERSET,BRIDGEWATER TWP,"40.596376, -74.557320",14871,9274.515577298052,8887.32,468071.44780057576,448530.2444959493,86.6,46.6,848.0,981.2,40276.0,100078.0,80.51601749999999,81.38375,8.0
MONMOUTH,BRIELLE BORO,"40.110571, -74.070347",1975,11570.841635443046,9599.75,715282.6697478492,593434.3434343435,106.0,21.2,233.2,360.4,4893.0,68368.0,85.656145,74.55565,2.0
ATLANTIC,BRIGANTINE CITY,"39.409603, -74.390116",8594,6365.360332790329,5373.475,369412.42854698905,311848.5593440675,179.89999999999998,22.4,651.9,854.1999999999999,12594.0,44639.0,40.822739999999996,43.83455,2.0
CAMDEN,BROOKLAWN BORO,"39.889634, -75.115850",687,4372.523085880637,4202.39,118025.93457774352,113433.59370972193,1522.9,105.0,7037.9000000000015,8665.800000000001,13461.0,38243.0,39.233335999999994,37.766038,5.0
ATLANTIC,BUENA BORO,"39.495524, -75.008665",1304,5561.771510736197,5367.45,159259.58462340804,153695.24904732394,454.0,68.1,635.6,1157.6999999999998,44678.0,32456.25,27.471467999999998,34.99925538461538,15.0
BURLINGTON,BURLINGTON CITY,"40.068937, -74.827043",3182,5186.8455059710905,4992.34,140983.78972374205,135696.93024000197,859.4000000000001,179.2,1323.2999999999997,2361.8999999999996,30820.0,54114.0,32.10604571428571,33.443528333333326,7.0
MORRIS,BUTLER BORO,"40.982158, -74.362173",2441,9128.363973781237,8793.87,327095.2286736001,315109.358789558,52.0,13.0,286.5,351.5,16771.0,76750.0,76.83598833333333,76.01527,6.0
SUSSEX,BYRAM TWP,"41.046696, -74.627989",3207,8969.54710321171,8624.99,272181.22246830625,261725.62504703482,239.6,75.7,605.7,921.0000000000001,28724.0,79321.5,66.126292,64.976101,10.0
ESSEX,CALDWELL BORO TWP,"40.849747, -74.282597",1923,11427.009027561124,11327.17,471231.9271053454,467114.7222230814,580.9,118.0,1016.5000000000001,1715.4,26192.0,82196.0,77.25235909090908,76.64618545454545,11.0
CAPE MAY,CAPE MAY CITY,"38.967042, -74.907817",6876,6021.559482257097,4964.555,886437.2804807489,718953.1761347543,1777.9,144.5,3534.1000000000004,5456.5,19072.0,48039.5,50.163188000000005,49.736034000000004,5.0
BERGEN,CARLSTADT BORO,"40.826424, -74.062338",1552,7034.469143041233,6536.65,362301.8748330621,336662.2984579145,192.0,128.0,975.6,1295.6,5917.0,55058.0,47.249584999999996,56.659525,2.0
MIDDLESEX,CARTERET BORO,"40.584543, -74.228223",5167,6556.731304431961,6432.99,249753.3238963309,245039.87741663962,300.79999999999995,100.3,840.3,1241.3999999999999,20709.0,47148.0,33.197254,35.77271,5.0
ESSEX,CEDAR GROVE TWP,"40.858023, -74.229791",3920,11202.461477040824,10137.48,501864.0141204612,454153.43907166226,79.7,16.0,397.9,493.59999999999997,12300.0,78863.0,74.68154249999999,76.1959525,4.0
MORRIS,CHATHAM BORO,"40.725966, -74.409706",2696,13835.48568249257,12267.955,873308.2059049358,774364.2700400156,66.6,97.30000000000001,795.4,959.3,18130.0,104936.0,87.67300800000001,88.20087199999999,5.0
CAMDEN,CHESILHURST BORO,"39.723889, -74.813753",469,5525.015309168442,5445.39,153684.1723951792,151469.3098008701,1484.2,247.3,1175.0,2906.5,3979.0,52310.0,0.0,0.0,0.0
MORRIS,CHESTER BORO,"39.274671, -74.967507",463,13014.472591792648,12336.95,475715.714942979,450950.35147001565,345.8,79.2,1489.3,1914.3,283.0,37188.0,0.0,0.0,0.0
BURLINGTON,CHESTERFIELD TWP,"40.781167, -74.684234",1814,11404.807271223804,11807.21,417310.3198771071,432034.53287531494,39.6,0.0,79.3,118.9,8371.0,92391.5,82.1698225,82.65595,4.0
BURLINGTON,CINNAMINSON TWP,"40.000162, -74.991632",5721,8168.335408145441,7885.74,272147.5698964716,262732.23008146,246.6,84.2,1749.9,2080.7,17354.0,66844.0,72.179888,69.694812,5.0
UNION,CLARK TWP,"40.622601, -74.313779",4883,10524.408246979308,10032.67,440721.0562933272,420128.9817041693,167.99999999999997,24.8,1287.4,1480.2,14592.0,65019.0,68.02308749999999,72.05292750000001,4.0
GLOUCESTER,CLAYTON BORO,"39.663737, -75.077192",2625,5862.676144761899,5694.98,159908.90293546845,155334.86441223478,313.2,46.4,660.9000000000002,1020.5000000000001,7317.0,51354.0,38.29883,48.52286999999999,4.0
CAMDEN,CLEMENTON BORO,"39.806194, -75.000151",1644,5061.210778588808,5215.34,119388.09177296776,123023.82133170887,982.4000000000001,122.8,1616.6,2721.8,45848.0,41160.0,30.769603636363637,31.245754545454545,11.0
BERGEN,CLIFFSIDE PARK BORO,"40.822040, -73.987850",6778,8501.84508999713,8462.3,409442.4233614075,407537.9617640653,104.0,0.0,376.0,480.0,23007.0,46288.0,64.79810833333333,63.20871499999999,6.0
PASSAIC,CLIFTON CITY,"40.869405, -74.173062",21376,9641.383034244014,9137.76,333684.10249097605,316253.9268015941,92.3,45.5,527.2,665.0,78321.0,53050.0,49.400690555555556,50.95653611111112,18.0
HUNTERDON,CLINTON TOWN,"40.638623, -74.903972",868,10179.569458525357,9821.23,338949.96712163923,327018.3085008684,294.6,23.4,511.0,829.0,6623.0,68889.0,72.82239,66.44465000000001,3.0
BERGEN,CLOSTER BORO,"40.970754, -73.949679",2697,15582.618420467204,13794.52,714678.6949383834,632669.637726126,57.5,46.0,448.8,552.3,8912.0,85485.0,98.36158999999999,97.108945,2.0
CAMDEN,COLLINGSWOOD BORO,"39.915048, -75.062244",3982,7963.845703164217,7686.225,232213.72028179,224118.71961102105,498.20000000000005,130.1,2326.1,2954.4,32057.0,45274.5,55.61841933333333,61.99999076923076,15.0
MIDDLESEX,CRANBURY TWP,0,1162,11925.700327022389,11812.03,625565.9440509042,619603.3352745285,230.60000000000002,76.80000000000003,641.0,948.4000000000001,0.0,0.0,0.0,0.0,0.0
UNION,CRANFORD TWP,"40.656391, -74.304830",7494,11768.980571123579,11491.59,517110.75569842313,504922.64416315046,61.6,65.6,718.5999999999998,845.7999999999998,22578.0,76338.0,80.44059571428572,80.21668,7.0
BERGEN,CRESSKILL BORO,"40.939786, -73.958581",2777,16768.572632336993,12362.05,776301.3868847425,572301.3383519602,90.30000000000001,45.2,203.2,338.7,7746.0,84692.0,85.70469,83.8989825,4.0
MONMOUTH,DEAL BORO,"40.250909, -74.001999",850,16364.33503529411,13359.845,2882608.0049206475,2353361.505886995,411.0,1643.9,1780.9,3835.8,1533.0,63571.0,35.769005,29.49351,2.0
BURLINGTON,DELANCO TWP,"40.026676, -74.947054",1791,6098.524343941931,5664.57,204374.9552467025,189832.19135491856,111.0,88.8,1020.2,1220.0,26368.0,52873.0,26.20690375,28.8789,8.0
HUNTERDON,DELAWARE TWP,"40.429224, -74.979065",1376,10033.643706395347,9327.9,423502.55492434563,393714.34721773776,0.0,22.4,134.4,156.8,34130.0,72257.0,76.69869166666668,73.29344333333333,6.0
BURLINGTON,DELRAN TWP,0,5161,7983.494512691317,7879.99,248067.5055019013,244851.35670506718,187.0,42.2,1097.8000000000004,1327.0000000000005,0.0,0.0,0.0,0.0,0.0
BERGEN,DEMAREST BORO,"40.954576, -73.956563",1651,19950.28888552397,15397.25,953651.2548111577,736009.7323600972,120.60000000000001,60.3,100.5,281.40000000000003,4845.0,103286.0,93.39885,94.21159333333333,3.0
GLOUCESTER,DEPTFORD TWP,"39.756192, -75.121941",10333,5762.696511177788,5395.04,195219.8103892615,182764.9059428304,805.6000000000001,179.10000000000002,4063.1000000000004,5047.8,87990.0,55190.0,41.40277541666668,43.16799000000001,24.0
MORRIS,DOVER TOWN,"40.901473, -74.565394",3589,6127.874151574236,5844.64,251444.43604258556,239822.51794358375,545.5,94.6,741.6999999999999,1381.8000000000002,24396.0,56082.0,58.56243428571428,55.60636857142857,7.0
BERGEN,DUMONT BORO,"40.945239, -73.992428",4971,11032.024518205613,10720.9,375712.0196317125,365116.2109567898,44.8,0.0,291.7,336.5,17478.0,65497.0,75.89657142857142,77.38010285714286,7.0
MIDDLESEX,DUNELLEN BORO,"40.598731, -74.478793",1943,8695.781811631514,8643.84,273279.2157654981,271646.8590831919,313.59999999999997,109.0,1432.8,1855.3999999999999,12566.0,67377.0,58.32227,59.21631599999999,5.0
MIDDLESEX,EAST BRUNSWICK TWP,"40.426247, -74.418244",15962,10400.011128304628,10017.28,394246.79035330703,379738.1021374067,128.3,8.3,1015.7,1152.3,54012.0,73854.0,71.37470823529414,71.6945388235294,17.0
MORRIS,EAST HANOVER TWP,"40.820548, -74.363507",3974,8260.276718671303,7894.25,481550.5126458941,460212.201591512,117.2,81.2,965.4,1163.8,11393.0,82133.0,77.05765666666667,76.46620666666666,3.0
ESSEX,EAST ORANGE CITY,"40.771410, -74.207171",8688,8893.410145027616,8986.435000000001,208843.91087751198,211028.4131330532,659.3,250.6,899.0,1808.8999999999999,69899.0,32477.0,30.354122500000006,33.906429411764705,20.0
MERCER,EAST WINDSOR TWP,"40.249949, -74.524348",7786,8497.447513485768,7908.049999999998,277803.43280808826,258534.5109024177,101.8,51.1,492.6,645.5,34961.0,67045.5,62.847604999999994,62.956588333333336,6.0
BURLINGTON,EASTAMPTON TWP,"40.441180, -74.844836",1691,6881.014577173265,6815.33,242190.05008840328,239878.15976217066,252.4,67.3,572.4,892.0999999999999,41997.0,74085.5,52.19609363636364,53.27358363636365,11.0
MONMOUTH,EATONTOWN BORO,"40.298625, -74.074178",3032,7714.117292216335,7037.0,347418.78577568056,316923.6223527848,364.2,56.6,1763.2000000000005,2184.0000000000005,23221.0,58265.0,65.866734,70.261922,5.0
BERGEN,EDGEWATER BORO,"40.823707, -73.978099",3859,8562.248370044064,7597.79,643854.8030005109,571330.4931452357,627.0,216.1,2097.9000000000005,2941.0000000000005,7677.0,63455.0,59.11249,58.486709999999995,1.0
MIDDLESEX,EDISON TWP,"40.576806, -74.365750",25474,9699.60880780395,8637.065,447539.4675506925,398513.7491514863,192.6,85.89999999999998,1032.5,1311.0,97672.0,68973.33333333333,75.10013882352939,75.79800764705882,17.0
ATLANTIC,EGG HARBOR CITY,"39.562305, -74.581969",2502,6202.595435651457,6069.39,163176.45235797064,155581.32203421832,1890.1999999999998,192.4,4934.599999999999,7017.2,12511.0,44420.0,18.559903333333335,17.895953333333335,3.0
UNION,ELIZABETH CITY,"40.681553, -74.177967",15152,9847.971498152041,9704.62,313371.7526098367,308810.17257039057,999.8999999999999,586.5,2150.7,3737.0999999999995,121082.0,39351.0,31.507093278688515,37.196503269230746,61.0
GLOUCESTER,ELK TWP,"40.881309, -74.382628",1435,7220.301679442508,6678.48,215795.1337194743,199601.56079712586,194.4,145.8,607.5,947.7,34250.0,53512.666666666664,52.800643750000006,55.667213749999995,8.0
SALEM,ELMER BORO,0,475,5986.0535789473715,5826.29,167345.58751704133,162879.25095152835,76.9,0.0,384.3,461.20000000000005,0.0,0.0,0.0,0.0,0.0
BERGEN,ELMWOOD PARK BORO,"40.904526, -74.119514",4884,9621.143884111356,8880.07,364793.370229376,336694.96082710143,305.9,108.5,1060.3,1474.6999999999998,18925.0,52319.0,47.102639999999994,50.262592,5.0
SALEM,ELSINBORO TWP,"39.542408, -75.431684",537,4892.286778398513,4618.9,160325.9570696542,151366.75273795743,309.9,0.0,1033.0,1342.9,11844.0,37114.0,44.959538888888886,44.16902888888889,9.0
BERGEN,EMERSON BORO,"40.974575, -74.026019",2325,11977.992455913976,11259.25,480599.1554527385,451760.6820130818,39.0,52.1,325.6,416.70000000000005,7197.0,74556.0,65.92310333333334,56.29367,3.0
BERGEN,ENGLEWOOD CITY,"40.891197, -73.972515",6771,12705.697880667558,8171.44,530068.1654277354,340903.76226348913,984.3,242.60000000000002,1108.9999999999998,2335.8999999999996,26203.0,58379.0,43.045584,46.09811599999999,5.0
MONMOUTH,ENGLISHTOWN BORO,"40.273201, -74.364305",613,7875.924714518758,6900.46,349764.085267524,306444.4071406557,255.0,51.0,459.4,765.4,40339.0,81806.0,80.90430571428571,78.03581428571428,7.0
ESSEX,ESSEX FELLS TWP,"40.827431, -74.280769",781,20081.030473751598,17002.58,991246.7958284271,839287.2550961192,94.8,189.6,474.1,758.5,2151.0,149386.0,98.61146,98.13338,1.0
BURLINGTON,EVESHAM TWP,"39.874438, -74.900006",15454,7879.1662281610215,7521.8,304236.85492687195,290437.93583259213,174.10000000000002,28.6,897.5,1100.1999999999998,40194.0,66642.0,56.62365222222222,57.137139999999995,9.0
MERCER,EWING TWP,"40.315730, -74.857279",10668,6509.87643607051,6169.38,181378.11635865233,171891.20784237026,376.5,127.3,1065.3000000000004,1569.1000000000004,76411.0,58614.5,24.68248842105263,26.76365842105263,19.0
MONMOUTH,FAIR HAVEN BORO,0,2041,15264.444341009299,12992.56,844949.4919357285,719191.3918183659,84.30000000000001,16.9,135.0,236.20000000000002,0.0,0.0,0.0,0.0,0.0
CUMBERLAND,FAIRFIELD TWP,"40.882508, -74.304593",1592,3906.6417525125653,3632.91,137204.41020795287,127590.73021425445,106.3,146.1,2098.8,2351.2000000000003,7063.0,83120.0,89.23321999999999,85.21240999999999,1.0
ESSEX,FAIRFIELD TWP,"40.882508, -74.304593",2548,9858.808881475683,9235.85,394401.1032353874,369479.6676869261,106.3,146.1,2098.8,2351.2000000000003,7063.0,83120.0,89.23321999999999,85.21240999999999,1.0
BERGEN,FAIRVIEW BORO,"40.821054, -74.003061",2162,10061.763066605004,9569.54,395087.81689659494,375760.0573852849,450.5,69.30000000000001,720.8,1240.6,13255.0,40393.0,19.60237,23.18985,2.0
SOMERSET,FAR HILLS BORO,0,294,12046.028911564617,8621.76,881213.1678918924,630714.7773080327,0.0,0.0,326.8,326.8,0.0,0.0,0.0,0.0,0.0
BURLINGTON,FIELDSBORO BORO,0,210,5648.992047619046,5012.3899999999985,201827.41954291868,179082.8754784878,0.0,0.0,378.0,378.0,0.0,0.0,0.0,0.0,0.0
HUNTERDON,FLEMINGTON BORO,0,851,8109.613701527625,7725.96,263799.13973727444,251319.19677760673,324.0,43.2,907.7,1274.9,0.0,0.0,0.0,0.0,0.0
BURLINGTON,FLORENCE TWP,"40.115259, -74.778861",4610,5519.650409978282,5257.245,233199.80151320327,222113.43100460974,227.5,15.6,329.4,572.5,8581.0,52778.5,48.50243333333333,49.80011,3.0
MORRIS,FLORHAM PARK BORO,"40.779422, -74.394280",3131,9895.459776429234,9129.46,679421.8869988404,626828.3718615274,172.39999999999995,60.4,732.5999999999998,965.3999999999997,8588.0,88555.0,85.0241,87.80598499999999,2.0
BERGEN,FORT LEE BORO,"40.850065, -73.973777",8309,10636.986234203843,9697.56,508156.9512016722,463278.0766275112,217.79999999999998,71.6,630.8000000000002,920.2000000000002,35461.0,58161.0,75.002605,76.426205,6.0
BERGEN,FRANKLIN LAKES BORO,"41.007529, -74.205652",3465,17329.2672265517,14738.75,1120773.9828805523,953231.739358907,80.30000000000001,98.20000000000002,393.19999999999993,571.6999999999999,16202.0,89629.0,74.6983725,75.02748999999999,8.0
GLOUCESTER,FRANKLIN TWP,"40.499237, -74.532086",5620,6404.038176156596,5880.31,208760.37194189255,191687.75528292786,796.2,155.49999999999997,2679.3999999999996,3631.1000000000004,59419.0,61239.75,56.15806375000001,56.382914375000006,16.0
HUNTERDON,FRANKLIN TWP,"40.499237, -74.532086",916,11005.72657205241,10050.1,463466.4942816687,423223.7266377564,796.2,155.49999999999997,2679.3999999999996,3631.1000000000004,59419.0,61239.75,56.15806375000001,56.382914375000006,16.0
SOMERSET,FRANKLIN TWP,"40.499237, -74.532086",20116,7542.633776595736,6859.38,358779.09753166133,326278.888637419,796.2,155.49999999999997,2679.3999999999996,3631.1000000000004,59419.0,61239.75,56.15806375000001,56.382914375000006,16.0
WARREN,FRANKLIN TWP,"40.499237, -74.532086",966,8753.39585921325,8217.71,318459.6816447001,298970.7483289445,796.2,155.49999999999997,2679.3999999999996,3631.1000000000004,59419.0,61239.75,56.15806375000001,56.382914375000006,16.0
MONMOUTH,FREEHOLD BORO,"40.225793, -74.285785",2960,6882.078885135148,6729.54,263574.4710229825,257732.43453502946,508.6,65.2,2188.1,2761.9,50747.0,65399.0,64.52381846153847,62.885232307692306,13.0
HUNTERDON,FRENCHTOWN BORO,0,425,8782.111458823532,8579.69,296312.44346402085,289482.6511806073,0.0,0.0,220.1,220.1,0.0,0.0,0.0,0.0,0.0
ATLANTIC,GALLOWAY TWP,"39.560014, -75.357133",13400,5103.017308955219,5003.71,167531.53669381962,164271.28789062653,427.40000000000003,57.6,691.1,1176.1,460.0,50682.0,35.700950999999996,36.31986333333334,10.0
BERGEN,GARFIELD CITY,"40.879797, -74.108250",5647,8020.510416150111,7622.4,334256.3729986283,317665.04191733256,338.29999999999995,93.0,1651.9,2083.2,29850.0,42770.0,49.33139818181819,54.112426000000006,11.0
CAMDEN,GIBBSBORO BORO,"39.833065, -74.965087",795,7980.024930817603,7047.49,208366.65572660527,184017.2098831077,45.2,45.2,723.6,814.0000000000001,2435.0,57326.0,45.115809999999996,40.069625,2.0
GLOUCESTER,GLASSBORO BORO,"39.733304, -75.135333",4919,6569.420087416134,6484.13,183697.71992595613,181312.7918223866,571.6,75.2,1028.2,1675.0000000000002,9814.0,50596.0,55.796612,53.313002,5.0
ESSEX,GLEN RIDGE BORO,"40.804798, -74.204569",2290,20313.936576419208,17893.495000000006,700499.1952171975,617033.4735451071,327.9,65.5,1075.8,1469.1999999999998,7431.0,104106.0,91.51178333333333,93.71524333333333,3.0
BERGEN,GLEN ROCK BORO,"40.959471, -74.125202",3874,16324.16688693858,15353.07,630997.6834511573,593460.7058945767,109.0,33.6,360.3,502.90000000000003,11546.0,104192.0,89.05401666666666,90.55936833333334,6.0
CAMDEN,GLOUCESTER CITY,0,3657,4612.578266338523,4376.16,111233.09204514277,105531.82623189916,718.1000000000001,127.5,3048.4,3894.0000000000005,0.0,0.0,0.0,0.0,0.0
SOMERSET,GREEN BROOK TWP,0,2355,11966.130951167772,10242.35,484237.4052980525,414480.5876180484,126.0,56.0,616.4,798.4,0.0,0.0,0.0,0.0,0.0
CUMBERLAND,GREENWICH TWP,"39.823144, -75.289522",294,6204.028299319729,5804.15,183415.68768506235,171593.69885433716,446.20000000000005,151.6,3598.8,4196.599999999999,5710.0,52899.0,59.038101666666655,57.671908333333334,6.0
GLOUCESTER,GREENWICH TWP,"39.823144, -75.289522",1843,5120.794026044489,5081.66,164514.07334739412,163256.82730345672,446.20000000000005,151.6,3598.8,4196.599999999999,5710.0,52899.0,59.038101666666655,57.671908333333334,6.0
WARREN,GREENWICH TWP,"39.823144, -75.289522",1758,8807.971723549488,8817.075,278251.730787853,278539.3114599645,446.20000000000005,151.6,3598.8,4196.599999999999,5710.0,52899.0,59.038101666666655,57.671908333333334,6.0
HUDSON,GUTTENBERG TOWN,"40.788031, -74.011606",2380,9320.679226890756,8370.84,347292.46295357216,311901.05032292305,336.20000000000005,51.7,456.8,844.7,56559.0,34745.0,34.699523,35.720254000000004,10.0
BERGEN,HACKENSACK CITY,"40.889694, -74.046340",8038,8361.251032595204,8204.85,266343.1728777853,261361.10176182585,1077.3,358.7,2420.3,3856.3,42677.0,49316.0,50.076365714285714,48.168,7.0
WARREN,HACKETTSTOWN TOWN,0,2371,8339.682703500639,8116.42,266585.94314600807,259449.13704701047,42.0,10.5,252.0,304.5,0.0,0.0,0.0,0.0,0.0
CAMDEN,HADDON HEIGHTS BORO,"39.879661, -75.066162",2596,9224.716899075473,8632.395,284653.07483126357,266375.41366221174,200.1,39.90000000000001,520.2,760.2,7547.0,58424.0,73.80976999999999,74.479146,5.0
CAMDEN,HADDON TWP,"39.884418, -75.092268",4715,8523.38482078473,8228.59,257417.2667448129,248514.08114278805,567.2,109.5,2781.5999999999995,3458.3,5402.0,44973.0,58.45822,71.39423,2.0
PASSAIC,HALEDON BORO,"40.955744, -74.183873",1692,10619.406855791936,10256.4,267961.40271730925,258801.5854511541,763.9999999999999,238.4,1621.1000000000004,2623.5,21958.0,52695.0,33.5004375,33.6498675,8.0
SUSSEX,HAMBURG BORO,"41.159776, -74.560291",1355,6189.179202952025,6150.9,167170.56421881114,166136.63778923132,128.7,0.0,418.2,546.9,7165.0,60396.0,48.08544499999999,44.790067500000006,4.0
ATLANTIC,HAMILTON TWP,"40.211209, -74.588918",8921,5003.147630310506,4854.73,177218.47500370466,171961.31530129226,673.8,193.0,2569.8999999999996,3436.6999999999994,158317.0,53764.22222222222,38.05536568181819,38.29231441860464,44.0
MERCER,HAMILTON TWP,"40.211209, -74.588918",29138,6631.973864026362,6322.08,259588.89068001532,247459.01712494929,673.8,193.0,2569.8999999999996,3436.6999999999994,158317.0,53764.22222222222,38.05536568181819,38.29231441860464,44.0
ATLANTIC,HAMMONTON TOWN,0,4617,5745.1964262508045,5195.19,223939.4258619727,202500.97290460672,349.4,84.0,545.1,978.5,0.0,0.0,0.0,0.0,0.0
MORRIS,HANOVER TWP,"40.845342, -74.477250",5071,7876.715774009101,7469.66,483959.9474137117,458949.6897586214,210.3,88.4,995.8,1294.5,20344.0,86809.0,83.113734,85.76156,5.0
MORRIS,HARDING TWP,"40.779262, -74.502462",1417,13379.012201834861,10342.89,1335721.3229843776,1032603.7906137184,183.10000000000002,0.0,183.1,366.20000000000005,44138.0,78185.5,67.593149,66.679382,10.0
BERGEN,HARRINGTON PARK BORO,"40.991681, -73.980202",1590,15297.909981132112,14734.9,599002.4808015827,576957.3533410267,0.0,20.8,83.2,104.0,4740.0,100302.0,89.51567,92.01317,2.0
GLOUCESTER,HARRISON TWP,"40.743664, -74.152959",4004,9906.325192307713,9564.04,359280.9956387457,346867.051790001,665.4000000000001,229.1,2152.0,3046.5000000000005,16919.0,38557.0,42.364275,46.36479,6.0
OCEAN,HARVEY CEDARS BORO,0,1193,9696.005658005011,8844.34,1033758.7341159396,942956.7231061364,591.7,0.0,1479.3000000000004,2071.0000000000005,0.0,0.0,0.0,0.0,0.0
BERGEN,HAWORTH BORO,"40.961576, -73.994235",1130,17870.740884955758,16429.345,722277.471776198,664020.9180990703,86.69999999999999,86.69999999999997,86.69999999999997,260.09999999999997,3390.0,101836.0,89.51567,92.01317,2.0
PASSAIC,HAWTHORNE BORO,"40.956957, -74.158561",5459,10637.270954387286,9898.97,386011.0066178045,359219.1447002169,47.7,74.2,614.5,736.4000000000001,18211.0,55340.0,54.54722999999999,56.76645599999999,5.0
MONMOUTH,HAZLET TWP,"40.422444, -74.174216",6281,8323.927600700501,8323.82,346621.9968757325,346617.51620609354,235.29999999999998,60.0,856.2,1151.5,32398.0,53526.0,38.49149625,38.90484375,8.0
MIDDLESEX,HELMETTA BORO,"40.379795, -74.421591",870,6260.837137931051,5524.785,238324.83007850355,210306.29248733085,91.0,45.5,318.5,455.0,1825.0,60125.0,0.0,0.0,0.0
HUNTERDON,HIGH BRIDGE BORO,"40.669591, -74.890548",1331,9003.986115702475,8722.23,257919.4739357701,249848.56087500489,113.3,28.3,595.3,736.8999999999999,3798.0,69063.0,61.37818,69.14537,2.0
MIDDLESEX,HIGHLAND PARK BORO,"40.500795, -74.427911",3056,11783.893530759091,11248.8,353471.0314242053,337420.30407062283,214.2,28.5,986.5,1229.2,13999.0,53250.0,47.36610999999999,48.44149666666667,3.0
MONMOUTH,HIGHLANDS BORO,"40.401268, -73.993710",2236,6613.663184257588,6038.31,263548.08073739224,240620.81286288518,104.5,0.0,104.4,208.9,5214.0,46092.0,71.4603575,67.8636625,4.0
MERCER,HIGHTSTOWN BORO,0,1474,8852.029151967443,8550.744999999999,237123.4108361838,229052.7725092045,151.2,18.9,359.2999999999999,529.3999999999999,0.0,0.0,0.0,0.0,0.0
SOMERSET,HILLSBOROUGH TWP,0,12964,9443.097519284196,9171.22,437111.63609821297,424526.69487210346,105.5,10.0,397.1,512.6,0.0,0.0,82.7436625,81.52232000000001,8.0
BERGEN,HILLSDALE BORO,"41.007127, -74.045119",3304,13190.708132566584,12604.5,522789.22098071495,499555.95026642975,38.0,9.5,362.5,410.0,10087.0,82904.0,81.4560525,82.3824425,4.0
UNION,HILLSIDE TWP,0,5659,9245.111807739911,8791.86,251250.38856346853,238932.56102606532,520.8,380.4,1802.8,2704.0,0.0,0.0,0.0,0.0,0.0
HUDSON,HOBOKEN CITY,"40.745122, -74.032085",15547,8266.961002122609,7154.24,778725.0779597937,673909.8080071439,275.9,56.3,1020.0,1352.2,38577.0,62550.0,67.03724307692309,65.2555776923077,13.0
HUNTERDON,HOLLAND TWP,0,1861,7398.820988715741,6724.6,304231.3143511979,276508.0949527302,117.0,19.5,78.0,214.5,0.0,0.0,0.0,0.0,0.0
MONMOUTH,HOLMDEL TWP,"40.374964, -74.173849",5508,13589.846539578815,12573.65,680667.8744314766,629770.1445281073,198.39999999999998,60.1,1010.9,1269.3999999999999,15528.0,114985.0,82.12353999999999,76.59498666666667,3.0
SUSSEX,HOPATCONG BORO,"40.938024, -74.660879",6147,7089.653518789657,6469.52,247340.7828571713,225705.8313596272,56.6,14.2,261.0,331.8,12472.0,64192.0,27.649289999999997,28.40233333333333,3.0
CUMBERLAND,HOPEWELL TWP,"40.329422, -74.792789",1449,4985.5307384402995,4607.28,170838.68714046475,157877.20661707554,116.9,22.3,305.6,444.8,59881.0,91350.0,77.69414333333336,77.05634266666668,15.0
MERCER,HOPEWELL TWP,"40.329422, -74.792789",5904,13270.901393970122,11454.87,532682.0761473374,459788.2052209573,116.9,22.3,305.6,444.8,59881.0,91350.0,77.69414333333336,77.05634266666668,15.0
MONMOUTH,HOWELL TWP,"40.149318, -74.204208",17219,8145.570560427447,7781.11,385245.65484111494,368008.4525820409,140.59999999999997,22.8,609.5,772.8999999999999,37796.0,71153.0,70.377335,69.264185,4.0
MONMOUTH,INTERLAKEN BORO,0,397,8362.387204030223,7658.41,760238.3052207491,696238.5855894872,0.0,0.0,375.9,375.9,0.0,0.0,0.0,0.0,0.0
ESSEX,IRVINGTON TWP,"40.723860, -74.232517",8125,7709.968065230801,7588.03,151749.18258282874,149349.1724183322,824.2,497.9,1042.0,2364.1,60727.0,36590.0,14.497755833333331,18.15794083333333,12.0
OCEAN,ISLAND HEIGHTS BORO,"39.944115, -74.145867",818,7361.310684596571,6142.085,394381.4657318654,329061.5745940978,181.6,0.0,242.1,423.7,1751.0,61125.0,89.23321999999999,85.21240999999999,1.0
OCEAN,JACKSON TWP,"40.107276, -74.342925",17912,7763.426282938783,7193.12,384763.1971753211,356498.24549091514,169.4,38.9,525.5,733.8,42463.0,65198.0,54.347581000000005,50.832813,10.0
MIDDLESEX,JAMESBURG BORO,0,1601,7728.086714553403,7576.8,238971.7377516661,234293.57478443548,133.4,16.7,83.3,233.39999999999998,0.0,0.0,0.0,0.0,0.0
MORRIS,JEFFERSON TWP,"41.031435, -74.518212",7881,8358.352280167532,7756.22,315914.924278577,293156.5423249761,104.1,28.5,256.3,388.9,29208.0,67181.66666666667,57.93073666666666,59.390838888888894,9.0
HUDSON,JERSEY CITY CITY,"40.731082, -74.038712",37881,6333.469960138393,5376.14,421338.76663265226,357651.68400593515,845.0,248.00000000000003,1300.7,2393.7,240055.0,43446.833333333336,43.699732499999996,47.11979169014081,76.0
MONMOUTH,KEANSBURG BORO,0,2961,5047.656207362385,4780.88,152978.42912888198,144893.28952057604,399.20000000000005,10.2,1607.5,2016.9,0.0,0.0,0.0,0.0,0.0
HUDSON,KEARNY TOWN,"40.752794, -74.128811",7129,10136.390509187848,9800.61,354037.09894776985,342309.180883809,212.6,198.5,1277.8000000000004,1688.9000000000003,40548.0,47757.0,39.97459666666666,39.181147777777774,9.0
UNION,KENILWORTH BORO,"40.678089, -74.288114",2524,8876.493989698907,8249.575,337604.2171288505,313760.2878741109,218.0,181.8,1042.5,1442.3,7701.0,59482.0,32.99374333333333,32.261896666666665,3.0
MONMOUTH,KEYPORT BORO,0,1960,6739.672290816328,6536.2,261519.53695661586,253624.2006580989,311.6,127.4,1033.2,1472.2000000000003,0.0,0.0,0.0,0.0,0.0
MORRIS,KINNELON BORO,0,3412,14721.55560082062,13252.655,589442.7072108883,530628.7632060053,119.10000000000001,19.8,89.3,228.20000000000002,0.0,0.0,0.0,0.0,0.0
OCEAN,LACEY TWP,"39.862497, -74.175461",11813,5776.703284517054,4997.49,275603.6533132085,238427.7733439745,188.60000000000002,10.5,813.0999999999998,1012.1999999999998,25344.0,59717.5,50.997842000000006,52.095632,5.0
MONMOUTH,LAKE COMO BORO,0,933,6318.221178992501,5994.45,516607.95374995744,490134.87508999225,175.5,175.5,643.2,994.2,0.0,0.0,0.0,0.0,0.0
OCEAN,LAKEHURST BORO,"40.014963, -74.353433",699,4953.064678111585,4586.92,173303.5015216634,160492.41204393574,187.1,74.8,598.9,860.8,15807.0,36147.0,33.767779999999995,34.345596666666665,3.0
HUNTERDON,LAMBERTVILLE CITY,"40.370685, -74.908492",1618,7860.584524103842,7420.52,395683.35142152134,373531.5374940489,78.6,0.0,629.8,708.4,7376.0,62137.0,49.20395,46.755934999999994,4.0
CAMDEN,LAUREL SPRINGS BORO,0,634,8239.522460567814,8103.175,169914.4715751222,167102.73013939403,431.1,53.9,646.6,1131.6000000000001,0.0,0.0,0.0,0.0,0.0
OCEAN,LAVALLETTE BORO,"39.981695, -74.071306",2581,6838.876997287881,6111.47,802087.1997045242,716774.3856662716,109.6,164.5,1864.0,2138.1,4450.0,43636.0,86.99263499999999,85.355695,2.0
CAMDEN,LAWNSIDE BORO,"39.867080, -75.029086",980,5522.928010204086,4996.775,137125.63469423796,124062.08120644721,452.20000000000005,69.6,2678.3,3200.1,2671.0,44926.0,25.52346,31.672565,2.0
CUMBERLAND,LAWRENCE TWP,"40.283038, -74.718714",1102,4562.345281306716,4381.365,165843.25462736413,159264.54192048966,171.6,33.7,575.9,781.2,29588.0,56077.0,54.610665,55.16702375000001,8.0
MERCER,LAWRENCE TWP,"40.283038, -74.718714",9863,7892.046517286781,6778.8,276223.83789574297,237259.8980791847,171.6,33.7,575.9,781.2,29588.0,56077.0,54.610665,55.16702375000001,8.0
HUNTERDON,LEBANON BORO,0,573,6158.1084467713745,5267.0,285046.6743800127,243799.02480390077,82.3,33.0,197.6,312.9,0.0,0.0,0.0,0.0,0.0
BERGEN,LEONIA BORO,"40.863391, -73.988471",2439,12820.79609266094,12617.72,506333.1588788598,498313.05164474994,152.60000000000002,21.8,414.2,588.5999999999999,8914.0,72440.0,78.55444999999999,71.66032,3.0
MORRIS,LINCOLN PARK BORO,"40.924376, -74.304247",3531,8598.739037099978,8335.9,332682.68997381,322513.5247607158,97.0,58.2,310.4,465.59999999999997,10938.0,68988.0,81.25757,81.6714,2.0
ATLANTIC,LINWOOD CITY,"39.343718, -74.571049",2738,10153.978940832718,8516.91,281682.5861997303,236268.48639432012,175.9,58.7,1143.4,1378.0000000000002,7172.0,60000.0,78.99929333333334,81.10647999999999,3.0
PASSAIC,LITTLE FALLS TWP,"40.882454, -74.205834",3478,9667.35196089705,9386.78,334165.87604812474,324467.50409612234,223.8,49.0,489.3,762.1,21842.0,59611.0,66.51996,67.343884,5.0
BERGEN,LITTLE FERRY BORO,"40.847184, -74.039257",2226,9229.483706199446,8965.52,299386.0136935561,290823.5583846251,174.5,119.3,440.6,734.4,10800.0,49958.0,51.36184,50.29586499999999,2.0
MONMOUTH,LITTLE SILVER BORO,"40.336952, -74.034535",2350,13337.800740425522,11402.59,699013.1880794687,597591.8326703667,51.0,135.7,390.0,576.7,6158.0,94094.0,88.35188999999998,85.91737,3.0
ESSEX,LIVINGSTON TWP,"40.785828, -74.329100",9919,15926.100130053364,13059.86,726284.7639517966,595574.3879472692,104.10000000000002,87.2,902.1,1093.4,27264.0,99494.0,93.15131,93.98897875,8.0
BERGEN,LODI BORO,"40.877913, -74.082485",4453,10298.93577139009,10033.39,401012.17253739346,390672.55210893456,267.1,170.0,809.0,1246.1,23971.0,43421.0,69.59878428571429,72.07446,7.0
GLOUCESTER,LOGAN TWP,"39.753766, -75.331040",2123,4460.94396137542,4238.78,222405.95721293395,211329.69422560872,307.9,119.70000000000002,1454.5,1882.1000000000001,11338.0,51533.5,74.090616,71.87334000000001,5.0
OCEAN,LONG BEACH TWP,0,8024,9201.533212861397,7895.895,1046229.5239370322,897776.3026883507,363.0,66.0,2013.8,2442.8,0.0,0.0,0.0,0.0,0.0
MONMOUTH,LONG BRANCH CITY,"40.295591, -73.993543",8526,8972.506374618803,7072.115,465641.9717682241,367018.24837784405,637.6999999999999,163.29999999999998,2579.0,3380.0,31671.0,38733.0,24.666336,29.551065,5.0
MORRIS,LONG HILL TWP,"40.662272, -74.524786",2900,11910.313534482742,10841.43,532818.6885186705,485001.21323782037,69.69999999999999,23.3,465.8,558.8,8777.0,86207.66666666667,83.93525500000001,88.01284,2.0
ATLANTIC,LONGPORT BORO,"39.318681, -74.543485",1583,10932.280176879354,6761.06,1196686.86236126,740090.0403876938,458.1,0.0,801.8,1259.9,1156.0,51176.0,0.0,0.0,0.0
WARREN,LOPATCONG TWP,"40.687677, -75.101254",3000,6797.976729999993,6029.565000000001,234330.02170128212,207842.44392364804,107.4,47.6,1073.5,1228.5,4854.0,86131.0,76.35391000000001,75.467415,2.0
CAPE MAY,LOWER TWP,"39.031725, -74.923929",14230,4043.046315530544,3288.445,264962.9485726432,215509.79519378577,388.0,27.800000000000004,701.8000000000001,1117.6,25399.0,32106.5,32.18588428571428,31.472659999999998,7.0
BURLINGTON,LUMBERTON TWP,"39.968821, -74.811259",3725,7050.0362120805385,6631.22,299671.57066034444,281869.2064856586,220.4,81.6,1199.8,1501.8,663.0,37857.0,38.810045,40.56084,2.0
BERGEN,LYNDHURST TWP,"40.791792, -74.102972",5128,9319.676554212156,8630.4,379957.74634396704,351856.3455471972,80.4,80.4,567.5,728.3,19383.0,53375.0,56.818016,51.397874,5.0
MORRIS,MADISON BORO,"40.760545, -74.427358",4257,13167.59060840971,10659.19,828083.3248534965,670335.0489806265,75.6,44.1,328.4,448.1,16571.0,82915.0,83.7989,81.96831999999999,5.0
CAMDEN,MAGNOLIA BORO,0,1410,6237.546382978717,6105.25,152157.61882546465,148930.40392760106,920.4000000000001,94.4,1085.6,2100.4,0.0,0.0,0.0,0.0,0.0
BERGEN,MAHWAH TWP,"41.082067, -74.183061",9316,8632.779407471064,7185.825000000002,502785.6543993295,418512.9208673318,67.80000000000001,56.6,339.5,463.90000000000003,24062.0,79500.0,88.99637,89.666784,5.0
MONMOUTH,MANALAPAN TWP,0,14197,8859.973025287009,8812.63,482496.51565589296,479918.30862564256,134.6,42.3,430.8,607.6999999999999,0.0,0.0,0.0,0.0,0.0
MONMOUTH,MANASQUAN BORO,"40.120018, -74.053257",2882,9621.607359472584,8735.58,713559.2589443721,647849.5492868419,169.2,50.8,1389.2,1609.2,12946.0,73353.0,75.05557,79.0225,3.0
BURLINGTON,MANSFIELD TWP,"40.808136, -74.957899",3457,7695.593531964126,7037.33,301431.18169317284,275647.4453924813,317.8,143.6,1325.9,1787.3000000000002,9608.0,56779.5,54.893322,53.73699800000001,5.0
WARREN,MANSFIELD TWP,"40.808136, -74.957899",1811,7638.30909994476,7362.62,277226.2347444553,267220.3224230581,317.8,143.6,1325.9,1787.3000000000002,9608.0,56779.5,54.893322,53.73699800000001,5.0
OCEAN,MANTOLOKING BORO,0,474,17977.809514767938,15556.16,2689945.4875181997,2327604.058811348,0.0,803.2,1204.8000000000004,2008.0000000000005,0.0,0.0,0.0,0.0,0.0
GLOUCESTER,MANTUA TWP,"39.788218, -75.182443",5428,6948.9742778187365,6206.82,225350.95331422862,201283.3474595729,223.4,88.0,1144.1,1455.5,10235.0,51404.0,75.87355,74.62688,1.0
SOMERSET,MANVILLE BORO,"40.544163, -74.584313",3171,7472.815279091807,7297.16,243553.7260303793,237828.77551013755,194.0,67.89999999999999,1911.1,2173.0,10354.0,51258.0,40.67330333333333,35.31470666666667,3.0
BURLINGTON,MAPLE SHADE TWP,"39.952381, -74.994896",4701,5406.329942565396,5311.56,167159.47594668836,164229.26375042408,500.9,165.1,1449.0000000000002,2115.0,19079.0,45426.0,26.612283333333334,30.04015,3.0
ESSEX,MAPLEWOOD TWP,"40.728871, -74.268007",6882,15693.686620168572,15487.85,545945.6350635225,538785.0738112782,154.3,162.3,1327.4,1644.0,23829.0,79683.0,66.98537666666667,67.704335,6.0
ATLANTIC,MARGATE CITY CITY,"39.329808, -74.505791",6662,8319.161766736708,6527.91,594168.3759111239,466234.1942072174,1009.0,16.5,1389.6,2415.1,8193.0,45876.0,93.67246999999999,90.64846,2.0
MONMOUTH,MARLBORO TWP,"40.320572, -74.251415",13217,11205.829808579832,10203.89,559898.1899454681,509836.36544509314,116.6,56.99999999999999,525.5,699.1,34203.0,103090.5,85.03119375,85.46765500000001,8.0
MONMOUTH,MATAWAN BORO,0,2468,9149.650713128029,9053.44,339879.54109414003,336305.62837861053,0.0,0.0,56.4,56.4,0.0,0.0,0.0,0.0,0.0
BERGEN,MAYWOOD BORO,"40.902885, -74.063457",2738,9731.105982468938,9340.49,397843.4829592687,381873.6617236382,122.69999999999999,10.2,491.69999999999993,624.5999999999999,9523.0,62113.0,89.51567,92.01317,2.0
BURLINGTON,MEDFORD LAKES BORO,"39.878650, -74.826672",1541,9247.299104477612,8573.04,304665.31403456506,282450.8966695132,175.2,0.0,300.2999999999999,475.4999999999999,27069.0,81863.0,70.56087000000001,67.14696909090911,11.0
BURLINGTON,MEDFORD TWP,0,8173,10167.009437171191,9618.75,358506.1178947418,339173.5537190083,173.8,12.7,394.8,581.3000000000001,0.0,0.0,0.0,0.0,0.0
MORRIS,MENDHAM BORO,"40.781948, -74.599501",1620,15080.713154320989,12722.965,727242.9370506967,613544.3556223395,89.9,136.8,389.59999999999997,616.3,9414.0,127481.0,86.99656333333333,82.63811,3.0
CAMDEN,MERCHANTVILLE BORO,"39.950637, -75.049324",1092,8219.550421245429,7866.74,193684.03799405965,185370.4753864785,350.2,53.8,1293.1999999999996,1697.1999999999996,22710.0,49289.0,29.40309285714286,38.54742833333333,7.0
MIDDLESEX,METUCHEN BORO,"40.543139, -74.358981",4582,10880.01262767344,10276.2,413558.8072975368,390607.3605780086,294.4,70.0,869.4000000000002,1233.8000000000002,15705.0,73461.0,73.0585875,74.9597675,4.0
CAPE MAY,MIDDLE TWP,"39.020888, -74.864051",8557,4511.3099836391275,4148.06,254182.50997639407,233715.77350181513,643.8000000000001,155.3,2055.7999999999997,2854.9,2918.0,29891.0,0.0,0.0,0.0
BERGEN,MIDLAND PARK BORO,"40.995809, -74.141262",2200,11815.638672727264,11332.68,462221.02557867905,443327.9585847311,27.4,54.7,464.9,547.0,6947.0,76462.0,74.63538333333332,74.76607333333334,3.0
HUNTERDON,MILFORD BORO,0,418,8540.461196172251,8277.36,239853.096400074,232464.07663650878,116.80000000000001,18.9,391.5,527.2,0.0,0.0,0.0,0.0,0.0
ESSEX,MILLBURN TWP,"40.741036, -74.330477",6231,24385.269285828843,21174.97,1388891.411239846,1206045.0767034364,143.0,182.7,1846.9,2172.6,19729.0,135060.0,97.20733142857144,97.29254857142857,7.0
MIDDLESEX,MILLTOWN BORO,0,2387,9294.771793045684,9056.36,334113.1460717317,325543.11164714315,56.4,28.2,1126.9,1211.5000000000002,0.0,0.0,0.0,0.0,0.0
CUMBERLAND,MILLVILLE CITY,0,8378,4191.51305920267,3850.77,131976.40846640978,121247.57510045086,1020.4000000000001,100.6,3322.9,4443.900000000001,0.0,0.0,0.0,0.0,0.0
MORRIS,MINE HILL TWP,"40.878175, -74.600780",1384,7515.462637283236,7150.955,296409.0231087487,282032.88182546746,141.5,28.3,226.4,396.2,3679.0,64643.0,69.86729,82.29576,1.0
MONMOUTH,MONMOUTH BEACH BORO,"40.333197, -73.981080",1999,8690.967063531762,7307.63,738083.3033927717,620602.9376183486,61.9,0.0,247.7,309.59999999999997,4034.0,84076.5,93.67246999999999,90.64846,2.0
GLOUCESTER,MONROE TWP,"40.334355, -74.432508",11025,7206.271499319743,6596.38,203567.10651587218,186338.52335509798,393.49999999999994,85.6,1052.9,1532.0,34370.0,54685.0,62.36849714285713,63.400045714285724,7.0
MIDDLESEX,MONROE TWP,"40.334355, -74.432508",20391,8178.723759992086,7633.46,337261.67424972914,314776.9230832672,393.49999999999994,85.6,1052.9,1532.0,34370.0,54685.0,62.36849714285713,63.400045714285724,7.0
ESSEX,MONTCLAIR TWP,"40.844837, -74.200502",9585,19402.70055816389,18099.9,695009.7777905853,648343.1231297796,421.90000000000003,90.10000000000002,861.4000000000002,1373.4,38812.0,88230.0,67.64991699999999,71.06252700000002,10.0
SOMERSET,MONTGOMERY TWP,"40.415918, -74.704427",6773,15367.532183670552,14658.53,624944.7568564522,596112.0729883522,285.09999999999997,42.5,165.9,493.5,24419.0,120440.5,84.77387333333333,87.5819,3.0
BERGEN,MONTVALE BORO,"41.054594, -74.047298",2813,12173.63688233204,11172.6,577350.3128110354,529874.8572231836,23.0,11.5,274.9,309.4,7034.0,93031.0,92.34078,93.36664999999999,3.0
MORRIS,MONTVILLE TWP,"40.913170, -74.365101",7088,12715.107222065459,11447.935,593124.4244696344,534014.3610002357,70.0,112.2,640.3000000000002,822.5000000000002,20461.0,94661.33333333333,91.46689714285715,91.59222999999999,7.0
BERGEN,MOONACHIE BORO,"40.841361, -74.057656",595,8153.502252100839,7666.37,346483.1408748955,325782.45207752986,36.0,36.0,937.2,1009.2,2754.0,50571.0,71.63664499999999,73.58717999999999,2.0
BURLINGTON,MOORESTOWN TWP,"39.979664, -74.941312",6745,11597.83461823572,9490.88,560324.2012215686,458531.26294179907,205.0,48.8,809.3000000000002,1063.1000000000001,19325.0,78441.0,91.048414,91.34579,5.0
MORRIS,MORRIS TWP,0,7794,10161.46512830381,9598.02,582314.7472183629,550025.8594136146,400.1,39.2,1148.0,1587.3000000000002,0.0,0.0,0.0,0.0,0.0
MORRIS,MOUNT ARLINGTON BORO,"40.908684, -74.639308",2176,7619.1080055147095,7290.22,333690.4065921954,319286.2568932984,50.7,16.9,388.9,456.49999999999994,10290.0,66331.0,65.94571666666666,64.12839333333334,3.0
MORRIS,MOUNT OLIVE TWP,"40.859692, -74.833473",6810,10427.459693098344,9656.31,347978.5461211059,322244.22952396545,109.9,3.4,289.7999999999999,403.0999999999999,38969.0,60795.5,70.8932,73.23938142857142,7.0
MORRIS,MOUNTAIN LAKES BORO,"40.887678, -74.440666",1403,20536.442936564494,18104.29,880702.8066334883,776400.2297943189,162.5,162.5,301.7000000000001,626.7,4260.0,141757.0,92.48447999999999,91.94811750000001,4.0
UNION,MOUNTAINSIDE BORO,"40.681742, -74.359837",2442,12348.36980343979,11623.23,611149.5624205064,575260.7057843466,173.09999999999997,101.0,519.8000000000002,793.9000000000001,6602.0,97195.0,92.34626999999999,92.757695,2.0
ATLANTIC,MULLICA TWP,"39.715505, -75.230177",2205,5429.6350657596395,4820.15,186709.74228746255,165751.28040598857,399.7,100.0,716.0,1215.7,10492.0,73070.0,73.57537333333333,71.33942333333333,3.0
GLOUCESTER,NATIONAL PARK BORO,"39.865145, -75.181649",1081,5983.85869565217,5887.35,137639.67762692587,135419.80138429126,340.8,0.0,443.1,783.9000000000001,3298.0,48922.0,40.764379999999996,36.70539,1.0
MONMOUTH,NEPTUNE CITY BORO,"40.210835, -74.074213",1524,6548.631338582682,6257.595,276177.0315814628,263903.0848716306,962.3,46.8,5211.000000000001,6220.100000000001,32465.0,50927.0,29.287391999999993,36.13581799999999,10.0
MORRIS,NETCONG BORO,"40.899232, -74.700823",816,7843.6760416666675,7631.315,265876.976776181,258678.5775251865,408.59999999999997,31.4,785.7,1225.7,3248.0,49224.0,49.72351999999999,47.690155,2.0
MIDDLESEX,NEW BRUNSWICK CITY,"40.484302, -74.444308",5337,6392.1698107550965,5721.09,271678.3449020991,243156.2846814205,857.4000000000001,114.8,1454.6999999999996,2426.8999999999996,48652.0,36048.0,18.916819411764706,23.9388805882353,17.0
BURLINGTON,NEW HANOVER TWP,"40.043738, -74.547654",270,4329.182999999999,4128.005,238256.31487380815,227184.496261917,13.3,0.0,0.0,13.3,1133.0,39050.0,0.0,0.0,0.0
BERGEN,NEW MILFORD BORO,"40.934161, -74.019453",4162,11298.12450985104,10615.65,395175.4191513865,371304.4527573306,48.0,18.0,287.5,353.5,16400.0,59118.0,74.43054749999999,76.0858625,4.0
ESSEX,NEWARK CITY,"40.723013, -74.140954",29564,6477.196046543098,6150.695,218093.9738234239,207100.34167358442,784.8,523.3,1261.4,2569.5,273358.0,24362.88888888889,31.497528728813556,36.33981815533979,118.0
GLOUCESTER,NEWFIELD BORO,0,615,6103.793382113826,5640.52,178792.02280887606,165221.84113392667,260.4,65.1,325.7000000000001,651.2000000000002,0.0,0.0,0.0,0.0,0.0
SUSSEX,NEWTON TOWN,0,1988,7864.3099698189135,7624.375,206236.2224231597,199944.08973859198,281.3,0.0,703.0,984.3,0.0,0.0,0.0,0.0,0.0
BERGEN,NORTH ARLINGTON BORO,"40.782994, -74.124708",3729,9747.991828908544,9252.55,353655.4731389788,335680.9284849841,144.89999999999998,94.5,655.3,894.6999999999999,15181.0,51787.0,57.569047999999995,56.731331999999995,5.0
HUDSON,NORTH BERGEN TWP,"40.794175, -74.024960",10826,7736.241709772736,7383.16,347505.7141600005,331645.5696202532,227.90000000000003,69.6,484.5,782.0000000000001,58108.0,40844.0,35.416050000000006,43.550765454545456,13.0
MIDDLESEX,NORTH BRUNSWICK TWP,"40.439218, -74.484332",9909,8813.948323746054,8211.41,292469.91808624513,272476.1164757825,267.8,85.3,1225.0,1578.1,36845.0,61277.0,39.971145,42.469879999999996,6.0
SOMERSET,NORTH PLAINFIELD BORO,"40.605118, -74.444522",4962,8282.227656187051,8628.005000000001,234485.98503977034,244275.61464598513,339.1,45.8,929.7,1314.6000000000001,25456.0,52970.5,26.85913090909091,30.116110000000003,11.0
CAPE MAY,NORTH WILDWOOD CITY,0,7590,3855.5234769433555,3706.75,312479.437466142,300421.7615984844,471.59999999999997,26.2,3432.9,3930.7,0.0,0.0,0.0,0.0,0.0
ATLANTIC,NORTHFIELD CITY,"39.362667, -74.530934",3136,7444.424936224491,7021.31,228407.1790201534,215425.31812260262,156.1,72.0,480.5,708.6,7773.0,56858.0,52.2654,50.268565,2.0
BERGEN,NORTHVALE BORO,"41.006364, -73.942772",1490,11061.870469798654,10772.080000000002,449149.54028014187,437383.0622109039,0.0,20.1,161.1,181.2,4851.0,74423.0,81.25757,81.6714,2.0
BERGEN,NORWOOD BORO,"40.992252, -73.950917",1815,13446.599019283733,11609.27,593105.1060732995,512063.8538346423,119.80000000000001,51.4,171.2,342.4,5756.0,92754.0,81.25757,81.6714,2.0
ESSEX,NUTLEY TWP,"40.820570, -74.156072",8234,11185.72608574204,10715.57,372969.89958981774,357293.3072303583,196.0,73.5,405.6,675.1,27362.0,59634.0,73.91712285714286,73.5867157142857,7.0
BERGEN,OAKLAND BORO,"41.029980, -74.243842",4399,11717.872930211399,10949.55,471846.50584617717,440908.2551806433,76.4,15.3,351.1,442.8,12466.0,86629.0,77.351912,76.91729600000001,5.0
CAMDEN,OAKLYN BORO,0,1327,7202.7430444611955,6900.4,179525.14452280191,171989.37954863725,1118.3999999999999,127.1,2109.8,3355.2999999999997,0.0,0.0,0.0,0.0,0.0
CAPE MAY,OCEAN CITY CITY,"39.259040, -74.606119",18358,5762.7773281403015,4739.705,643085.8655067618,528918.1098995083,1387.3999999999999,129.2,6049.200000000001,7565.799999999999,17450.0,42612.5,58.485895,55.261312499999995,4.0
MIDDLESEX,OLD BRIDGE TWP,"40.413448, -74.249764",18456,7735.329331924604,7261.85,365913.6340533453,343516.0688613045,152.2,58.8,569.9000000000002,780.9000000000001,91743.0,59769.0,57.50594238095238,57.789232380952384,21.0
BERGEN,OLD TAPPAN BORO,"41.024281, -73.992516",1952,16764.041444672122,14344.05,835592.2252568505,714969.4003234997,33.4,66.7,100.0,200.10000000000002,76755.0,74289.0,77.46293105263157,76.41564,19.0
BERGEN,ORADELL BORO,"40.956651, -74.032858",2638,14997.92318423051,14445.565,618348.154479419,595575.0238509296,109.0,12.1,157.7,278.8,8047.0,91014.0,93.94688,96.21490499999999,2.0
ESSEX,ORANGE CITY TWP,"40.768040, -74.235692",4030,9264.093848635235,9262.33,207101.28094857943,207061.84964339997,1642.6,793.6999999999999,3593.7000000000007,6030.000000000002,32868.0,35759.0,29.514160625,33.069963846153854,16.0
WARREN,OXFORD TWP,0,851,6638.6813160987085,6120.38,185653.4250492054,171158.9177879676,122.69999999999999,0.0,163.6,286.29999999999995,0.0,0.0,0.0,0.0,0.0
BERGEN,PALISADES PARK BORO,"40.846603, -73.996336",3746,9609.283910838236,9658.51,608626.9777789755,611744.829863732,153.29999999999995,24.0,349.49999999999994,526.8,17073.0,48015.0,39.398630000000004,38.73028333333334,3.0
BURLINGTON,PALMYRA BORO,"40.001838, -75.032208",2768,5613.262091762984,5693.219999999998,157889.9931886009,160139.05146889066,347.4,41.7,1389.4,1778.5000000000002,7091.0,51150.0,40.53924,42.917323333333336,3.0
BERGEN,PARAMUS BORO,"40.945123, -74.071337",8139,9741.542484334685,8737.91,656115.4206040617,588518.4511662051,235.6,74.69999999999997,3036.2,3346.4999999999995,25737.0,76918.0,76.49506666666667,78.40924555555556,9.0
BERGEN,PARK RIDGE BORO,"41.034672, -74.040797",2933,13115.756290487574,12100.09,548364.6126535425,505900.004465266,33.900000000000006,11.3,56.5,101.7,8708.0,86632.0,83.441465,81.29914,4.0
PASSAIC,PASSAIC CITY,"40.856413, -74.126940",6330,9807.01036808845,9491.52,345679.62149367237,334559.14879787725,712.5999999999999,225.7,1310.4,2248.7,67869.0,33633.0,16.156282499999996,17.74531333333333,24.0
PASSAIC,PATERSON CITY,"40.912224, -74.141613",18119,7964.7641249517455,7938.21,235680.7812107334,234895.03328213003,1171.0,224.8,1047.0,2442.8,149237.0,34314.555555555555,22.725142500000008,25.879290714285727,80.0
GLOUCESTER,PAULSBORO BORO,"39.830410, -75.225702",1946,3988.029619732784,3898.62,101206.64733246923,98937.64516466881,636.5,206.4,1359.3000000000004,2202.2000000000003,8373.0,36848.0,25.129192499999995,25.728982499999997,4.0
BURLINGTON,PEMBERTON BORO,"39.959242, -74.660551",459,3412.2622875816987,3249.79,192338.2593159472,183180.2185949068,1434.5,80.7,2376.0,3891.2,6691.0,46136.0,26.297923333333333,35.77334333333334,3.0
MERCER,PENNINGTON BORO,0,881,13234.430590238371,13352.51,518687.0421753375,523314.8392969037,39.2,78.3,117.5,235.0,0.0,0.0,0.0,0.0,0.0
SALEM,PENNS GROVE BORO,0,1202,4227.001331114812,4048.12,87400.42219156206,83701.74725939697,1649.3,250.5,2213.0,4112.8,0.0,0.0,0.0,0.0,0.0
CAMDEN,PENNSAUKEN TWP,0,10999,5285.587074279466,5236.47,151694.1094199905,150284.47020008197,869.4999999999998,206.1,1631.9,2707.4999999999995,0.0,0.0,0.0,0.0,0.0
SALEM,PENNSVILLE TWP,"39.619113, -75.512237",4631,6333.564655581949,6018.22,145958.87040583842,138691.65956641105,290.9,48.6,1429.9,1769.4,12951.0,47321.0,32.93796,32.07155,3.0
MORRIS,PEQUANNOCK TWP,"40.967407, -74.306967",4731,8577.101223842756,8431.83,431708.32946867717,424396.44218551466,132.0,0.0,395.3,527.3,13888.0,71355.0,84.910362,87.444434,5.0
MIDDLESEX,PERTH AMBOY CITY,"40.522216, -74.274020",7717,7069.921906181146,6897.86,247030.6260975185,241018.59923562215,452.79999999999995,141.3,886.3000000000002,1480.4,49368.0,38188.0,27.109318181818185,33.94413555555556,11.0
WARREN,PHILLIPSBURG TOWN,0,4498,4363.312996887512,4213.8899999999985,112946.66247754726,109078.76924873775,465.20000000000005,90.3,1764.5,2320.0,0.0,0.0,0.0,0.0,0.0
OCEAN,PINE BEACH BORO,0,889,6333.9248706411645,5529.34,313363.0322938521,273557.1994254316,139.8,0.0,931.1,1070.9,0.0,0.0,0.0,0.0,0.0
CAMDEN,PINE HILL BORO,0,3007,6204.4089258397025,6114.38,128358.25194699445,126495.71263284275,498.4,28.8,939.5,1466.7,0.0,0.0,0.0,0.0,0.0
MIDDLESEX,PISCATAWAY TWP,"40.545640, -74.460817",13537,7637.47174558615,7185.03,353888.63986093045,332924.37324294506,160.3,38.4,655.7,854.4,50511.0,68709.0,56.71311777777778,59.157158888888894,9.0
GLOUCESTER,PITMAN BORO,0,2989,7153.664663767133,7030.21,178521.32256330136,175440.48345660634,184.0,11.5,483.0,678.5,0.0,0.0,0.0,0.0,0.0
UNION,PLAINFIELD CITY,0,9189,8847.887390358,8562.56,248644.1272830771,240625.83129494824,749.7,114.1,1194.3000000000004,2058.1000000000004,0.0,0.0,0.0,0.0,0.0
MIDDLESEX,PLAINSBORO TWP,"40.330078, -74.583273",5495,10272.02170882619,9619.13,471589.3587787594,441615.0469008215,443.4,100.4,2190.7,2734.5,17748.0,70646.0,86.5711475,86.2654675,4.0
ATLANTIC,PLEASANTVILLE CITY,0,5088,4371.234314072332,4486.08,89292.05459078566,91638.02978235966,706.6,115.4,716.4000000000002,1538.4000000000003,0.0,0.0,0.0,0.0,0.0
OCEAN,PLUMSTED TWP,"40.070206, -74.472872",2420,7207.754830578518,6964.25,339502.0826569919,328032.4365519772,200.9,11.8,224.6,437.3,6755.0,61966.0,66.11056,66.15814666666667,3.0
WARREN,POHATCONG TWP,0,1231,6420.184037367986,6135.53,176226.8754796827,168413.44033420002,652.8000000000002,31.1,6465.6,7149.500000000001,0.0,0.0,0.0,0.0,0.0
OCEAN,POINT PLEASANT BORO,0,7722,7720.694309764331,6484.07,420461.81342510204,353116.40652931546,770.3,250.6,937.3000000000001,1958.1999999999998,0.0,0.0,0.0,0.0,0.0
PASSAIC,POMPTON LAKES BORO,"41.002734, -74.286742",3665,10044.384949522484,9899.33,279518.1738156416,275481.5409309791,117.4,18.1,361.6,497.1,10908.0,65659.0,68.39848749999999,70.2601125,4.0
MERCER,PRINCETON,"40.354274, -74.660505",7076,19356.527201808964,16421.945,961584.5226371014,815801.71788884,172.59999999999997,9.3,596.4,778.3,3578.0,56149.0,0.0,0.0,0.0
PASSAIC,PROSPECT PARK BORO,0,1080,10829.883175926003,10685.63,256886.44988646157,253464.74296252808,288.6,152.6,1052.1,1493.2999999999997,0.0,0.0,0.0,0.0,0.0
UNION,RAHWAY CITY,"40.607152, -74.280531",7318,8855.026635692799,8861.53,257649.0817170748,257838.3059747493,189.20000000000002,96.4,342.0,627.6,28446.0,50729.0,27.991508333333332,40.983918,6.0
BERGEN,RAMSEY BORO,"41.059136, -74.145931",5161,12567.291484208492,11922.68,533522.4491847692,506156.5924876671,33.0,19.8,806.5999999999998,859.3999999999997,14379.0,88318.0,84.56406,77.69472499999999,4.0
MORRIS,RANDOLPH TWP,"40.841886, -74.578381",7335,12512.592438991082,11923.55,513232.0157853662,489071.1202858475,70.3,31.2,316.9,418.4,24452.0,97354.0,73.299105,75.10194833333334,6.0
HUNTERDON,RARITAN TWP,"40.572127, -74.646514",8034,9991.179711227265,9547.7,417090.51437040244,398577.06688824255,277.5,70.6,804.7,1152.8000000000002,6431.0,51278.0,51.641729999999995,44.54215,1.0
HUNTERDON,READINGTON TWP,"40.499908, -74.731791",5822,10535.84020954991,10255.01,439282.8294491885,427573.8545034511,163.0,37.6,250.9,451.5,22604.0,83245.33333333333,78.97828,79.820705,4.0
MONMOUTH,RED BANK BORO,0,3382,8034.989742755743,7472.98,395774.8502102715,368092.26082595845,222.4,32.9,890.5,1145.8000000000002,0.0,0.0,0.0,0.0,0.0
BERGEN,RIDGEFIELD BORO,"40.832337, -74.015134",2513,9467.558591325122,8606.94,485627.3451577808,441482.92105233204,179.4,147.39999999999998,1164.5,1491.3,10830.0,54081.0,64.42631,61.099556666666665,3.0
BERGEN,RIDGEWOOD VILLAGE,"40.981591, -74.113506",7427,18045.279839773724,15110.42,821580.8500087896,687960.0548076305,137.7,50.99999999999999,424.8,613.5,24936.0,104286.0,98.61146,98.13338,1.0
MORRIS,RIVERDALE BORO,"40.995424, -74.315775",1666,5887.565804321745,5449.62,339415.38561663515,314168.0170107613,256.3,93.2,1933.4,2282.9,2498.0,71083.0,67.4087,71.198115,2.0
BURLINGTON,RIVERSIDE TWP,0,2447,5602.712149570921,5412.0,157055.38538911575,151709.33702010568,25.4,0.0,254.0,279.4,0.0,0.0,0.0,0.0,0.0
BURLINGTON,RIVERTON BORO,0,883,8739.917497168735,8212.39,284041.7869441838,266897.47717163205,74.1,0.0,852.4,926.5,0.0,0.0,0.0,0.0,0.0
BERGEN,ROCHELLE PARK TWP,"40.910694, -74.082895",1808,8115.26334070797,7949.49,349532.4790075392,342392.45602881967,265.5,35.4,938.5,1239.4,5528.0,60818.0,58.295919999999995,52.32131,2.0
MORRIS,ROCKAWAY BORO,"40.962761, -74.485745",1888,9183.534412076264,8576.415,311596.33159765945,290996.83546075464,349.19999999999993,78.5,1380.8,1808.5,22450.0,75453.0,65.76039142857142,62.46104714285714,7.0
ESSEX,ROSELAND BORO,"40.820559, -74.307403",2061,10464.678558951971,10226.4,498626.84284142713,487273.2131147509,34.0,119.3,443.1,596.4,5309.0,82323.0,86.58081999999999,89.43088,1.0
UNION,ROSELLE BORO,"40.652211, -74.260158",5212,9805.325308902497,9707.38,213834.74049376452,211698.74713791528,586.1,203.39999999999998,1913.5,2703.0,21274.0,51254.0,22.593044000000003,24.997286000000003,5.0
MORRIS,ROXBURY TWP,"40.854699, -74.656097",7873,8940.50171980187,8400.19,331473.689354725,311441.3550655161,60.699999999999996,0.0,360.7,421.4,15227.0,67652.66666666667,65.25201,63.97522,5.0
MONMOUTH,RUMSON BORO,0,2454,20751.531907090426,16808.845,1439537.6995132046,1166032.7618755866,102.4,204.9,512.0999999999998,819.3999999999997,0.0,0.0,0.0,0.0,0.0
CAMDEN,RUNNEMEDE BORO,"39.851738, -75.074803",2576,5769.424770962723,5629.91,150455.52594437142,146817.2484599589,375.09999999999997,96.8,1355.8,1827.6999999999998,8379.0,40811.0,36.2517775,36.99615,4.0
BERGEN,RUTHERFORD BORO,0,5015,11627.419264207372,11479.25,470270.61260487756,464277.9112956085,292.9,196.6,1764.7000000000003,2254.2,0.0,0.0,0.0,0.0,0.0
BERGEN,SADDLE BROOK TWP,"40.902976, -74.101061",4140,8519.97663526572,8131.09,359713.7951828672,343294.98402224627,42.69999999999999,7.1,1382.0,1431.8,13155.0,63545.0,50.918406000000004,47.319584,5.0
BERGEN,SADDLE RIVER BORO,0,1282,17152.39294071762,14674.935,1810461.9908501173,1548962.4175193652,288.8,201.0,849.0,1338.8,0.0,0.0,0.0,0.0,0.0
SALEM,SALEM CITY,0,1519,3143.7244502962517,3042.16,51336.75967049113,49678.22061646156,3174.1,550.1,2623.8,6348.0,0.0,0.0,0.0,0.0,0.0
MIDDLESEX,SAYREVILLE BORO,"40.463352, -74.345433",11940,7409.764060301513,6795.57,300076.7654137562,275203.45427298016,168.7,82.2,512.6,763.5,18640.0,57961.0,69.86729,82.29576,1.0
MONMOUTH,SEA BRIGHT BORO,0,1026,8159.298099415201,6021.15,620640.3566110128,458001.2444301103,290.0,0.0,652.6,942.6,0.0,0.0,0.0,0.0,0.0
MONMOUTH,SEA GIRT BORO,"40.134189, -74.043885",1230,13049.944918699164,11299.13,2008349.3697294747,1738903.938320483,113.2,0.0,622.9,736.1,3807.0,79954.0,92.65069999999999,93.84255,3.0
CAPE MAY,SEA ISLE CITY CITY,"39.151013, -74.696319",6589,4754.521185308865,4497.85,733060.614307891,693486.5900383143,776.3,0.0,3541.9,4318.2,2835.0,45708.0,0.0,0.0,0.0
OCEAN,SEASIDE HEIGHTS BORO,"39.946092, -74.078974",1779,5108.655075885332,4799.25,232755.4380191491,218658.63310801293,1149.0,139.2,4909.5999999999985,6197.799999999998,4915.0,30611.0,12.87973,13.3584,1.0
OCEAN,SEASIDE PARK BORO,0,1930,7652.824606217613,7338.505,568704.5979863862,545346.5551079435,589.7,0.0,917.5,1507.2,0.0,0.0,0.0,0.0,0.0
HUDSON,SECAUCUS TOWN,"40.782013, -74.060778",4808,6276.841736688874,5848.2,335534.0260869353,312620.6098031648,351.5,92.8,2275.2,2719.5,15931.0,59800.0,58.01262799999999,53.727832,5.0
OCEAN,SHIP BOTTOM BORO,0,1880,6710.641414893601,6014.440000000001,669358.6157364665,599915.4155212519,0.0,0.0,1505.6999999999996,1505.6999999999996,0.0,0.0,0.0,0.0,0.0
MONMOUTH,SHREWSBURY BORO,"40.326064, -74.059667",1443,11890.638967428964,11174.45,562527.5881503606,528645.8048743496,239.9,120.0,1702.6999999999996,2062.5999999999995,3590.0,86911.0,85.0241,87.80598499999999,2.0
CAMDEN,SOMERDALE BORO,0,1840,5929.837342391307,5945.21,145191.3436258288,145567.74127123287,638.2,72.9,4303.4,5014.499999999999,0.0,0.0,0.0,0.0,0.0
ATLANTIC,SOMERS POINT CITY,"39.318683, -74.599110",3763,6504.4273026840365,5989.85,209791.115210171,193194.15114734235,316.3,86.19999999999997,2194.3,2596.8,11665.0,42341.0,26.612283333333334,30.04015,3.0
SOMERSET,SOMERVILLE BORO,0,2656,9758.046807228888,9612.11,298261.5575410633,293800.89647983364,178.3,81.1,949.2,1208.6,0.0,0.0,0.0,0.0,0.0
MIDDLESEX,SOUTH AMBOY CITY,0,2728,7468.63059017596,7034.85,281802.055380595,265434.89671343844,136.8,125.5,524.9,787.2,0.0,0.0,0.0,0.0,0.0
MIDDLESEX,SOUTH BRUNSWICK TWP,"40.420727, -74.553458",13071,9525.255362252445,9160.0,514394.2478738294,494669.2903580207,114.7,30.2,440.2,585.1,32724.0,80390.0,77.81213400000001,78.200853,10.0
MIDDLESEX,SOUTH PLAINFIELD BORO,"40.574413, -74.414800",7415,7233.671931220481,6826.88,340053.6030026712,320930.3882371657,264.0,70.2,1415.0,1749.2,70836.0,59446.5,34.65178958333335,37.18052000000001,24.0
MIDDLESEX,SOUTH RIVER BORO,"40.445652, -74.378459",4324,6590.318418131349,6238.26,283567.3849466451,268419.0599881269,297.40000000000003,55.8,495.1,848.3,15322.0,52324.0,30.910223333333334,30.50777666666667,3.0
OCEAN,SOUTH TOMS RIVER BORO,0,1121,4788.600437109718,4784.14,176345.42595705015,176181.1655029991,347.4,53.5,641.8,1042.6999999999998,0.0,0.0,0.0,0.0,0.0
SUSSEX,SPARTA TWP,0,6956,12007.406696377288,10160.43,396584.58982603287,335582.03414746193,31.9,10.7,144.39999999999995,186.99999999999994,0.0,0.0,0.0,0.0,0.0
MIDDLESEX,SPOTSWOOD BORO,"40.394165, -74.392072",2543,8256.726991742029,8309.92,279156.9402002211,280955.37648619554,119.8,12.0,514.1,645.9,7892.0,55833.0,57.736153333333334,56.845613333333326,3.0
MONMOUTH,SPRING LAKE BORO,"40.153878, -74.036112",3814,12709.562191924508,10602.52,1519562.1022984504,1192753.9062285146,156.89999999999998,55.5,1175.7,1388.1,9216.0,59883.0,83.88347,81.6017275,4.0
BURLINGTON,SPRINGFIELD TWP,"40.697899, -74.334520",1017,8189.045299901681,7560.7,300199.21767914214,277164.9370573081,215.3,117.3,1048.3999999999999,1380.9999999999995,15507.0,72024.0,67.88710999999999,67.59002000000001,5.0
UNION,SPRINGFIELD TWP,"40.697899, -74.334520",4813,11471.817598171603,10870.1,176449.5967553741,167194.4960139784,215.3,117.3,1048.3999999999999,1380.9999999999995,15507.0,72024.0,67.88710999999999,67.59002000000001,5.0
OCEAN,STAFFORD TWP,"39.705853, -74.260285",12796,6366.305799468563,5906.85,304864.281547966,282862.2498171429,188.1,29.5,755.2,972.8000000000001,20556.0,51726.0,62.72825499999999,62.97268,4.0
SUSSEX,STANHOPE BORO,0,1366,7864.903836017575,7282.065,210641.78626037366,195031.90518866476,151.1,60.4,514.2,725.7,0.0,0.0,0.0,0.0,0.0
CAPE MAY,STONE HARBOR BORO,"39.052267, -74.783628",2894,8738.896029716647,7343.530000000002,1561275.4819692143,1311981.8912042992,1715.6,122.5,10048.9,11887.0,1204.0,51875.0,92.38975,95.31042,1.0
CAMDEN,STRATFORD BORO,"39.828957, -75.015458",2109,6716.576718824077,6852.73,165759.89980097118,169120.0570939034,260.5,14.5,737.8,1012.8,7271.0,50977.0,54.495565,51.00864,2.0
UNION,SUMMIT CITY,0,6248,18105.45880761845,13962.97,976069.7697594882,752747.1718818811,54.2,40.7,533.5,628.4000000000001,0.0,0.0,0.0,0.0,0.0
OCEAN,SURF CITY BORO,0,2117,7182.956972130379,5877.87,796847.7534794067,652066.763439745,426.0,0.0,425.9,851.9,0.0,0.0,0.0,0.0,0.0
GLOUCESTER,SWEDESBORO BORO,0,791,6929.06938053098,6793.55,174419.96328459948,171008.64149253062,156.4,39.1,1212.4,1407.9,0.0,0.0,0.0,0.0,0.0
BERGEN,TEANECK TWP,"40.890317, -74.011478",11083,12184.555092483972,10446.18,444607.39742372034,381175.0915455793,256.3,26.8,742.6,1025.7,39260.0,74903.0,60.42854625,62.18939375,8.0
BERGEN,TENAFLY BORO,"40.918847, -73.957377",4470,20841.45223713649,16666.89,944055.655773842,754960.4312421149,101.8,81.5,427.4,610.6999999999999,13806.0,90931.0,92.81027833333333,92.37492666666664,6.0
HUNTERDON,TEWKSBURY TWP,0,1950,13872.920697435891,12895.49,668906.0109326422,621777.5595384239,137.4,51.5,240.3,429.20000000000005,0.0,0.0,0.0,0.0,0.0
MONMOUTH,TINTON FALLS BORO,0,6739,6942.711532868378,6177.81,381182.5965135837,339186.4468830481,84.4,50.7,1278.6,1413.7,0.0,0.0,0.0,0.0,0.0
PASSAIC,TOTOWA BORO,"40.904737, -74.221751",3435,9454.410579330404,8288.07,371135.6823701093,325350.6381144582,290.79999999999995,150.0,1256.4,1697.2,9892.0,60408.0,46.826724999999996,46.350185,2.0
MERCER,TRENTON CITY,"40.219897, -74.766464",21153,3260.47835153406,2835.87,65955.01834917138,57365.772049325744,1546.3,293.7,1364.7,3204.7,9778.0,17785.0,44.63315666666667,46.562070000000006,3.0
OCEAN,TUCKERTON BORO,0,1538,5485.509505851756,5204.04,221205.32136501625,209854.95319411586,239.9,179.9,689.4,1109.2,0.0,0.0,0.0,0.0,0.0
HUDSON,UNION CITY CITY,"40.695266, -74.269078",6662,8061.905544881371,8705.0,315523.1516898025,340692.2867266285,870.9000000000001,274.79999999999995,2869.0,4014.7,131355.0,46809.5,54.35927636363635,53.97117818181818,22.0
ATLANTIC,VENTNOR CITY,"39.344153, -74.483384",6297,7953.485480387503,6174.1,328998.3111535693,255393.49734178308,795.3999999999999,157.2,2769.600000000001,3722.2000000000007,12910.0,42478.0,47.526444999999995,49.171425,2.0
SUSSEX,VERNON TWP,"41.241915, -74.489591",10657,5792.933961715314,5741.48,203549.20928383654,201741.2457733103,68.0,4.5,308.4,380.9,16661.0,69488.0,55.242623333333334,54.21781333333333,3.0
ESSEX,VERONA TWP,"40.832415, -74.242092",4873,11512.872591832533,11246.04,448108.62213393603,437722.8574941596,44.6,37.2,290.2,372.0,13948.0,74284.0,69.66838499999999,69.29266,6.0
CUMBERLAND,VINELAND CITY,"39.451537, -74.960026",15923,4462.637632983743,4168.71,169412.26152315133,158254.0745666568,729.4,68.0,2040.4,2837.8,22639.0,50359.0,42.858489999999996,42.60324666666667,3.0
CAMDEN,VOORHEES TWP,"39.848539, -74.953498",8683,10145.732256132673,9443.28,288539.2423763076,268561.87290969904,220.2,31.0,1062.8,1314.0,28126.0,68402.0,76.77761,77.598095,6.0
BERGEN,WALDWICK BORO,"41.013615, -74.125919",3387,11165.616203129606,10906.21,433561.82909154036,423489.0641083543,70.0,39.9,479.1,589.0,9622.0,75532.0,76.283675,72.648615,4.0
MONMOUTH,WALL TWP,0,9426,9266.100876299599,8373.29,521339.0467498406,471106.788608939,127.40000000000003,34.8,466.2000000000001,628.4000000000001,0.0,0.0,0.0,0.0,0.0
BERGEN,WALLINGTON BORO,"40.853084, -74.106323",2171,9221.715928143753,8794.01,357342.42845273134,340768.7803142045,128.6,77.1,959.2,1164.8999999999999,11583.0,45656.0,51.773675000000004,53.583355,4.0
PASSAIC,WANAQUE BORO,"41.054855, -74.332764",4312,8782.119777365522,8914.325,268184.990071168,272222.22222222225,50.3,41.8,225.8,317.90000000000003,10041.0,66738.0,75.436558,66.693336,5.0
SOMERSET,WARREN TWP,"40.634588, -74.519044",5230,14818.040391969453,13568.23,746421.1696903353,683465.1437929769,69.0,37.6,156.7,263.3,14219.0,103825.0,82.55023,83.73553799999999,5.0
BERGEN,WASHINGTON TWP,"40.784843, -74.798225",3374,10970.473921161823,10217.615,514986.60933812096,479645.17687993095,981.1000000000001,189.7,2943.8,4114.6,28380.0,72343.0,62.95186714285715,65.38781142857144,14.0
BURLINGTON,WASHINGTON TWP,"40.784843, -74.798225",305,3308.2869508196754,2982.07,249813.35100448434,225180.25513033828,981.1000000000001,189.7,2943.8,4114.6,28380.0,72343.0,62.95186714285715,65.38781142857144,14.0
GLOUCESTER,WASHINGTON TWP,"40.784843, -74.798225",16203,7558.287206690092,7117.9,241896.23073841212,227802.0315566893,981.1000000000001,189.7,2943.8,4114.6,28380.0,72343.0,62.95186714285715,65.38781142857144,14.0
MORRIS,WASHINGTON TWP,"40.784843, -74.798225",5699,11129.907917178454,10473.95,483398.1090933201,454908.3121274861,981.1000000000001,189.7,2943.8,4114.6,28380.0,72343.0,62.95186714285715,65.38781142857144,14.0
WARREN,WASHINGTON TWP,"40.784843, -74.798225",2263,8788.979496243936,7966.21,277599.2017936422,251612.09424434343,981.1000000000001,189.7,2943.8,4114.6,28380.0,72343.0,62.95186714285715,65.38781142857144,14.0
SOMERSET,WATCHUNG BORO,0,1958,14176.418472931551,12384.02,715890.8468831424,625377.0359943698,235.70000000000005,101.0,5068.1,5404.8,0.0,0.0,86.611205,89.07339999999999,2.0
CAMDEN,WATERFORD TWP,"39.768106, -74.844456",3619,6908.481348438795,6772.0,188016.58361742887,184302.19899847594,169.20000000000002,0.0,451.2,620.4,14299.0,57261.0,25.66022,31.025853333333334,3.0
PASSAIC,WAYNE TWP,"40.955587, -74.251598",16467,12563.896862209338,12088.58,450779.357487371,433725.49019607843,198.7,71.7,1430.0,1700.4,54069.0,83651.0,71.49261133333333,69.90652,15.0
HUDSON,WEEHAWKEN TWP,0,3252,13105.145393603892,11511.35,762800.464299293,670031.7212045001,404.5,77.0,1143.4,1624.9,0.0,0.0,37.47221666666667,32.402786666666664,3.0
GLOUCESTER,WENONAH BORO,0,818,10704.84750611248,9767.415,264532.49303748144,241367.1599718112,272.59999999999997,0.0,1226.7,1499.3,0.0,0.0,0.0,0.0,0.0
HUNTERDON,WEST AMWELL TWP,0,933,9030.327224008579,8161.4,407487.42628754454,368277.6712743416,145.1,36.3,834.3,1015.6999999999999,0.0,0.0,0.0,0.0,0.0
HUDSON,WEST NEW YORK TOWN,0,4452,7533.628775831093,7899.585,341947.6140685056,358558.18268446095,393.6,49.9,1074.0,1517.5,0.0,0.0,0.0,0.0,0.0
CAPE MAY,WEST WILDWOOD BORO,0,795,4402.225132075475,3601.54,265785.2890762561,217443.7520346448,713.1,0.0,1247.8,1960.9,0.0,0.0,0.0,0.0,0.0
MERCER,WEST WINDSOR TWP,"40.280155, -74.614673",8048,14334.851022614255,14375.31,569898.05825601,571506.5502183405,201.50000000000006,17.7,916.0,1135.2,39369.0,94194.5,59.77147285714286,61.89970857142857,7.0
BURLINGTON,WESTAMPTON TWP,"40.234394, -73.999505",3156,5712.763244613427,5323.77,249071.06744230608,232111.3303562156,537.3,125.7,1496.6999999999996,2159.6999999999994,1934.0,88021.0,0.0,0.0,0.0
UNION,WESTFIELD TOWN,"40.649809, -74.347533",9196,16972.59761961726,15618.96,772576.9783179099,710960.6432501057,43.099999999999994,66.6,373.3,483.0,32797.0,98684.0,88.46341555555557,90.44898888888889,9.0
GLOUCESTER,WESTVILLE BORO,0,1391,5643.019374550679,5446.8,137743.85648888804,132954.21966957452,922.1999999999998,169.9,2038.3,3130.4,0.0,0.0,0.0,0.0,0.0
BERGEN,WESTWOOD BORO,0,3109,10386.625098102288,10095.88,465408.88805346284,452381.0419979133,196.1,26.7,392.2,615.0,0.0,0.0,0.0,0.0,0.0
MORRIS,WHARTON BORO,0,1684,7990.396585510692,7713.655000000002,291889.1922891998,281779.8219966129,293.29999999999995,15.4,725.0,1033.7,0.0,0.0,0.0,0.0,0.0
CAPE MAY,WILDWOOD CITY,0,4415,5097.533415628532,5162.93,207320.79458995844,209980.52641119465,2664.7000000000003,79.5,6714.899999999998,9459.099999999999,0.0,0.0,0.0,0.0,0.0
BURLINGTON,WILLINGBORO TWP,"40.028492, -74.886353",10769,6107.8481697465,5945.12,155267.10138162936,151130.4020846779,619.3999999999999,87.1,809.3000000000002,1515.8,33008.0,60869.0,16.650554285714286,26.845933333333335,7.0
UNION,WINFIELD TWP,0,698,3536.1318624641754,3473.14,18206.459120759464,17882.133328198375,198.2,0.0,396.4,594.5999999999999,0.0,0.0,0.0,0.0,0.0
CAMDEN,WINSLOW TWP,"39.659484, -74.868079",12949,6173.270045563394,6073.03,186107.97581634801,183086.00013120144,432.4,125.0,898.8000000000002,1456.2000000000003,184.0,26806.0,0.0,0.0,0.0
MIDDLESEX,WOODBRIDGE TWP,"40.592764, -74.314977",26435,8353.306163419713,7973.75,294606.1839644917,281219.9162140109,226.1,126.0,1186.5,1538.6,90327.0,59812.0,46.76767916666666,47.52636291666667,24.0
GLOUCESTER,WOODBURY CITY,0,2875,6507.095516521752,6089.13,141008.7801764925,131951.4661274014,1031.1,258.9,3865.3999999999996,5155.4,0.0,0.0,0.0,0.0,0.0
BERGEN,WOODCLIFF LAKE BORO,0,1932,15606.229896480345,14177.25,728853.7972149142,662116.5114897862,102.60000000000001,0.0,427.7,530.3,0.0,0.0,93.67246999999999,90.64846,2.0
BURLINGTON,WOODLAND TWP,"39.779138, -74.521162",474,5776.829789029535,5661.605,237665.92061269932,232925.43031573482,203.1,93.8,945.4,1242.3,883.0,55288.0,27.90773,34.84275,2.0
CAMDEN,WOODLYNNE BORO,0,874,5267.104141876435,4856.95,70456.48077220094,64969.97117748843,448.1,103.4,1206.1,1757.6,0.0,0.0,0.0,0.0,0.0
GLOUCESTER,WOOLWICH TWP,0,3455,10776.275687409578,10680.56,328534.09275355656,325616.0283463768,55.3,31.6,356.2999999999999,443.19999999999993,0.0,0.0,0.0,0.0,0.0
BERGEN,WYCKOFF TWP,"40.999093, -74.168849",5538,14080.671379559417,12826.84,786308.2221223415,716290.4014995435,87.4,40.7,372.9,500.99999999999994,16508.0,103614.0,83.27677800000001,84.55220399999999,5.0
