#,Zip Code,Location,City,Population,Avg. Income/H/hold,National Rank
1,7078,"40.741036, -74.330477","Short Hills, New Jersey",12849,"$185,466.00",#3
2,7021,"40.827431, -74.280769","Essex Fells, New Jersey",2151,"$149,386.00",#23
3,7970,"40.813672, -74.575196","Mount Freedom, New Jersey",258,"$148,899.00",#24
4,7046,"40.887678, -74.440666","Mountain Lakes, New Jersey",4260,"$141,757.00",#31
5,7842,"40.942121, -74.512172","Hibernia, New Jersey",93,"$133,358.00",#43
6,7931,"40.681427, -74.616525","Far Hills, New Jersey",2766,"$132,919.00",#45
7,7417,"41.007529, -74.205652","Franklin Lakes, New Jersey",10422,"$132,373.00",#47
8,7423,"40.999485, -74.096574","Ho Ho Kus, New Jersey",4060,"$129,900.00",#52
9,8550,"40.280155, -74.614673","Princeton Junction, New Jersey",17632,"$129,375.00",#55
10,7458,"41.046652, -74.096511","Saddle River, New Jersey",10939,"$129,163.00",#56
11,7620,"40.984877, -73.912695","Alpine, New Jersey",1649,"$128,287.00",#60
12,7945,"40.781948, -74.599501","Mendham, New Jersey",9414,"$127,481.00",#63
13,8558,"40.415918, -74.704427","Skillman, New Jersey",5202,"$126,027.00",#69
14,8535,"40.226835, -74.451077","Millstone Township, New Jersey",2073,"$118,412.00",#97
15,7979,"40.710140, -74.730717","Pottersville, New Jersey",339,"$117,953.00",#101
16,8720,"40.135366, -74.098050","Allenwood, New Jersey",933,"$117,071.00",#108
17,7043,"40.844837, -74.200502","Montclair, New Jersey",11915,"$115,498.00",#116
18,7733,"40.374964, -74.173849","Holmdel, New Jersey",15528,"$114,985.00",#118
19,8502,"40.462506, -74.644112","Belle Mead, New Jersey",19217,"$114,854.00",#119
20,8836,"40.596376, -74.557320","Martinsville, New Jersey",3962,"$113,639.00",#127
21,7930,"40.781167, -74.684234","Chester, New Jersey",8081,"$109,479.00",#152
22,7722,"40.294420, -74.161841","Colts Neck, New Jersey",12369,"$108,608.00",#155
23,7632,"40.888066, -73.948143","Englewood Cliffs, New Jersey",5322,"$106,478.00",#172
24,7946,"40.662272, -74.524786","Millington, New Jersey",3000,"$105,511.00",#186
25,7920,"40.677383, -74.564513","Basking Ridge, New Jersey",24600,"$105,471.00",#187
26,7401,"41.032669, -74.133826","Allendale, New Jersey",6674,"$105,387.00",#189
27,7922,"40.676393, -74.425027","Berkeley Heights, New Jersey",12412,"$105,056.00",#194
28,7928,"40.725966, -74.409706","Chatham, New Jersey",18130,"$104,936.00",#196
29,7450,"40.981591, -74.113506","Ridgewood, New Jersey",24936,"$104,286.00",#203
30,7452,"40.959471, -74.125202","Glen Rock, New Jersey",11546,"$104,192.00",#205
31,7028,"40.804798, -74.204569","Glen Ridge, New Jersey",7431,"$104,106.00",#206
32,7934,"40.701629, -74.704734","Gladstone, New Jersey",1482,"$104,078.00",#207
33,7059,"40.634588, -74.519044","Warren, New Jersey",14219,"$103,825.00",#214
34,7481,"40.999093, -74.168849","Wyckoff, New Jersey",16508,"$103,614.00",#216
35,7924,"40.730394, -74.592580","Bernardsville, New Jersey",7282,"$103,506.00",#217
36,7853,"40.784843, -74.798225","Long Valley, New Jersey",13554,"$103,326.00",#219
37,7627,"40.954576, -73.956563","Demarest, New Jersey",4845,"$103,286.00",#220
38,7746,"40.320572, -74.251415","Marlboro, New Jersey",17316,"$103,255.00",#221
39,7751,"40.361692, -74.256136","Morganville, New Jersey",16887,"$102,926.00",#223
40,7641,"40.961576, -73.994235","Haworth, New Jersey",3390,"$101,836.00",#239
41,8833,"40.645542, -74.816261","Lebanon, New Jersey",8427,"$100,816.00",#251
42,8853,"40.499908, -74.731791","Neshanic Station, New Jersey",12241,"$100,432.00",#257
43,7640,"40.991681, -73.980202","Harrington Park, New Jersey",4740,"$100,302.00",#261
44,7045,"40.913170, -74.365101","Montville, New Jersey",10531,"$100,213.00",#264
45,8074,"39.716183, -75.172270","Richwood, New Jersey",57,"$100,183.00",#267
46,7039,"40.785828, -74.329100","Livingston, New Jersey",27264,"$99,494.00",#279
47,7760,"40.368746, -74.012589","Rumson, New Jersey",9665,"$99,015.00",#286
48,8801,"40.619224, -74.889803","Annandale, New Jersey",8223,"$99,010.00",#287
49,7090,"40.649809, -74.347533","Westfield, New Jersey",32797,"$98,684.00",#290
50,7869,"40.841886, -74.578381","Randolph, New Jersey",24452,"$97,354.00",#313
51,7704,"40.360347, -74.037847","Fair Haven, New Jersey",5937,"$97,220.00",#315
52,7092,"40.681742, -74.359837","Mountainside, New Jersey",6602,"$97,195.00",#316
53,8889,"40.609021, -74.754216","Whitehouse Station, New Jersey",9369,"$95,476.00",#345
54,8867,"40.572827, -74.959321","Pittstown, New Jersey",4384,"$94,953.00",#353
55,7738,"40.337907, -74.127066","Lincroft, New Jersey",6223,"$94,657.00",#360
56,7739,"40.336952, -74.034535","Little Silver, New Jersey",6158,"$94,094.00",#367
57,8858,"40.682576, -74.737037","Oldwick, New Jersey",177,"$94,037.00",#371
58,7901,"40.714923, -74.366372","Summit, New Jersey",22634,"$93,785.00",#376
59,7082,"40.926343, -74.346563","Towaco, New Jersey",4723,"$93,485.00",#380
60,7974,"40.696910, -74.403867","New Providence, New Jersey",11405,"$93,033.00",#393
61,7645,"41.054594, -74.047298","Montvale, New Jersey",7034,"$93,031.00",#394
62,7648,"40.992252, -73.950917","Norwood, New Jersey",5756,"$92,754.00",#402
63,8534,"40.329422, -74.792789","Pennington, New Jersey",11556,"$92,628.00",#405
64,7830,"40.719283, -74.794021","Califon, New Jersey",6428,"$92,370.00",#408
65,7950,"40.845342, -74.477250","Morris Plains, New Jersey",17181,"$91,165.00",#429
66,7649,"40.956651, -74.032858","Oradell, New Jersey",8047,"$91,014.00",#433
67,8540,"40.364789, -74.654310","Princeton, New Jersey",43397,"$90,977.00",#435
68,7670,"40.918847, -73.957377","Tenafly, New Jersey",13806,"$90,931.00",#438
69,8525,"40.397648, -74.779412","Hopewell, New Jersey",4928,"$90,445.00",#444
70,7977,"40.711343, -74.651625","Peapack, New Jersey",814,"$90,297.00",#447
71,7058,"40.868093, -74.341587","Pine Brook, New Jersey",5207,"$90,286.00",#448
72,8551,"40.441180, -74.844836","Ringoes, New Jersey",5082,"$90,149.00",#456
73,8560,"40.315730, -74.857279","Titusville, New Jersey",3468,"$89,821.00",#464
74,8824,"40.420727, -74.553458","Kendall Park, New Jersey",11777,"$89,354.00",#473
75,7871,"41.046696, -74.627989","Sparta, New Jersey",19148,"$89,313.00",#476
76,8510,"40.182665, -74.432516","Millstone Township, New Jersey",2128,"$88,575.00",#494
77,7932,"40.779422, -74.394280","Florham Park, New Jersey",8588,"$88,555.00",#495
78,7446,"41.059136, -74.145931","Ramsey, New Jersey",14379,"$88,318.00",#501
79,7711,"40.234394, -73.999505","Allenhurst, New Jersey",1934,"$88,021.00",#509
80,7703,"40.312218, -74.045577","Fort Monmouth, New Jersey",439,"$87,669.00",#524
81,7876,"40.854699, -74.656097","Succasunna, New Jersey",11171,"$87,458.00",#540
82,8003,"39.885852, -74.971145","Cherry Hill, New Jersey",30714,"$87,248.00",#547
83,7702,"40.326064, -74.059667","Shrewsbury, New Jersey",3590,"$86,911.00",#562
84,7656,"41.034672, -74.040797","Park Ridge, New Jersey",8708,"$86,632.00",#571
85,7436,"41.029980, -74.243842","Oakland, New Jersey",12466,"$86,629.00",#572
86,8807,"40.595055, -74.622386","Bridgewater, New Jersey",36314,"$86,517.00",#576
87,8886,"40.687677, -75.101254","Stewartsville, New Jersey",4854,"$86,131.00",#590
88,8820,"40.576806, -74.365750","Edison, New Jersey",37543,"$85,927.00",#595
89,7624,"40.970754, -73.949679","Closter, New Jersey",8912,"$85,485.00",#605
90,7023,"40.641703, -74.385714","Fanwood, New Jersey",7174,"$85,233.00",#609
91,7626,"40.939786, -73.958581","Cresskill, New Jersey",7746,"$84,692.00",#634
92,7041,"40.737406, -74.298021","Millburn, New Jersey",6880,"$84,654.00",#635
93,8559,"40.429224, -74.979065","Stockton, New Jersey",5184,"$83,819.00",#660
94,7470,"40.955587, -74.251598","Wayne, New Jersey",54069,"$83,651.00",#666
95,7004,"40.882508, -74.304593","Fairfield, New Jersey",7063,"$83,120.00",#681
96,7940,"40.760545, -74.427358","Madison, New Jersey",16571,"$82,915.00",#688
97,7642,"41.007127, -74.045119","Hillsdale, New Jersey",10087,"$82,904.00",#690
98,7079,"40.748937, -74.265047","South Orange, New Jersey",17083,"$82,865.00",#694
99,7675,"41.024281, -73.992516","Westwood, New Jersey",40613,"$82,723.00",#703
100,7927,"40.822778, -74.453743","Cedar Knolls, New Jersey",3163,"$82,453.00",#713
101,7068,"40.820559, -74.307403","Roseland, New Jersey",5309,"$82,323.00",#716
102,8011,"39.974297, -74.713197","Birmingham, New Jersey",57,"$82,204.00",#724
103,7006,"40.849747, -74.282597","Caldwell, New Jersey",26192,"$82,196.00",#725
104,7936,"40.820548, -74.363507","East Hanover, New Jersey",11393,"$82,133.00",#730
105,7418,"41.241915, -74.489591","Glenwood, New Jersey",2751,"$82,055.00",#738
106,7878,"40.870682, -74.479043","Mount Tabor, New Jersey",774,"$81,970.00",#740
107,8055,"39.878650, -74.826672","Medford, New Jersey",27069,"$81,863.00",#748
108,7933,"40.695654, -74.472424","Gillette, New Jersey",3278,"$81,862.00",#749
109,7726,"40.273201, -74.364305","Englishtown, New Jersey",40339,"$81,806.00",#750
110,7456,"41.111972, -74.265223","Ringwood, New Jersey",12396,"$81,636.00",#755
111,7960,"40.779262, -74.502462","Morristown, New Jersey",43409,"$81,621.00",#756
112,7750,"40.333197, -73.981080","Monmouth Beach, New Jersey",3595,"$80,484.00",#814
113,8313,"39.530841, -75.229590","Deerfield Street, New Jersey",147,"$80,320.00",#824
114,7748,"40.396300, -74.115274","Middletown, New Jersey",28689,"$80,284.00",#827
115,8810,"40.381447, -74.480194","Dayton, New Jersey",7235,"$80,104.00",#834
116,8750,"40.134189, -74.043885","Sea Girt, New Jersey",3807,"$79,954.00",#845
117,7435,"41.055240, -74.429164","Newfoundland, New Jersey",2155,"$79,762.00",#850
118,7821,"40.965937, -74.754393","Andover, New Jersey",8654,"$79,729.00",#851
119,7040,"40.728871, -74.268007","Maplewood, New Jersey",23829,"$79,683.00",#852
120,7430,"41.082067, -74.183061","Mahwah, New Jersey",24062,"$79,500.00",#861
121,8553,"40.398244, -74.643362","Rocky Hill, New Jersey",662,"$79,469.00",#863
122,8827,"40.668619, -74.968085","Hampton, New Jersey",4350,"$79,393.00",#869
123,7981,"40.820381, -74.422399","Whippany, New Jersey",8364,"$79,269.00",#873
124,7009,"40.858023, -74.229791","Cedar Grove, New Jersey",12300,"$78,863.00",#894
125,7076,"40.628693, -74.376459","Scotch Plains, New Jersey",19584,"$78,742.00",#901
126,8248,"39.194835, -74.660373","Strathmere, New Jersey",175,"$78,709.00",#902
127,8057,"39.979664, -74.941312","Moorestown, New Jersey",19325,"$78,441.00",#912
128,7834,"40.885954, -74.489332","Denville, New Jersey",17166,"$78,074.00",#934
129,8822,"40.521629, -74.860058","Flemington, New Jersey",28787,"$77,639.00",#950
130,8802,"40.676357, -75.025821","Asbury, New Jersey",3933,"$77,079.00",#976
131,7652,"40.945123, -74.071337","Paramus, New Jersey",25737,"$76,918.00",#985
132,7444,"40.967407, -74.306967","Pompton Plains, New Jersey",9227,"$76,854.00",#989
133,7405,"40.982158, -74.362173","Butler, New Jersey",16771,"$76,750.00","#1,000"
134,7432,"40.995809, -74.141262","Midland Park, New Jersey",6947,"$76,462.00","#1,017"
135,7016,"40.656391, -74.304830","Cranford, New Jersey",22578,"$76,338.00","#1,027"
136,7836,"40.842413, -74.703258","Flanders, New Jersey",12217,"$76,040.00","#1,043"
137,8816,"40.426247, -74.418244","East Brunswick, New Jersey",45551,"$75,891.00","#1,052"
138,7438,"41.031435, -74.518212","Oak Ridge, New Jersey",11901,"$75,813.00","#1,057"
139,7005,"40.930427, -74.415660","Boonton, New Jersey",15044,"$75,762.00","#1,058"
140,7480,"41.089631, -74.380807","West Milford, New Jersey",16029,"$75,691.00","#1,065"
141,7463,"41.013615, -74.125919","Waldwick, New Jersey",9622,"$75,532.00","#1,073"
142,7822,"41.143715, -74.701913","Augusta, New Jersey",843,"$75,525.00","#1,074"
143,7866,"40.962761, -74.485745","Rockaway, New Jersey",22450,"$75,453.00","#1,084"
144,8826,"40.726367, -74.894441","Glen Gardner, New Jersey",6003,"$75,371.00","#1,090"
145,8515,"40.149291, -74.661437","Chesterfield, New Jersey",290,"$75,304.00","#1,093"
146,8691,"40.211209, -74.588918","Trenton, New Jersey",11010,"$74,924.00","#1,123"
147,7666,"40.890317, -74.011478","Teaneck, New Jersey",39260,"$74,903.00","#1,125"
148,7976,"40.729572, -74.492095","New Vernon, New Jersey",729,"$74,750.00","#1,134"
149,7630,"40.974575, -74.026019","Emerson, New Jersey",7197,"$74,556.00","#1,149"
150,8804,"40.649071, -75.089909","Bloomsbury, New Jersey",1955,"$74,500.00","#1,152"
151,7647,"41.006364, -73.942772","Northvale, New Jersey",4851,"$74,423.00","#1,156"
152,7044,"40.832415, -74.242092","Verona, New Jersey",13948,"$74,284.00","#1,160"
153,7848,"41.097903, -74.680163","Lafayette, New Jersey",4409,"$74,112.00","#1,171"
154,8840,"40.543139, -74.358981","Metuchen, New Jersey",15705,"$73,461.00","#1,222"
155,8736,"40.120018, -74.053257","Manasquan, New Jersey",12946,"$73,353.00","#1,228"
156,7081,"40.697899, -74.334520","Springfield, New Jersey",14630,"$73,100.00","#1,249"
157,8062,"39.715505, -75.230177","Mullica Hill, New Jersey",10492,"$73,070.00","#1,250"
158,7465,"41.054855, -74.332764","Wanaque, New Jersey",5274,"$73,048.00","#1,254"
159,8690,"40.227147, -74.657009","Trenton, New Jersey",18624,"$72,920.00","#1,264"
160,7737,"40.409528, -74.063028","Leonardo, New Jersey",4426,"$72,718.00","#1,278"
161,7747,"40.413448, -74.249764","Matawan, New Jersey",29000,"$72,468.00","#1,293"
162,7605,"40.863391, -73.988471","Leonia, New Jersey",8914,"$72,440.00","#1,294"
163,8033,"39.892421, -75.036651","Haddonfield, New Jersey",16531,"$72,340.00","#1,303"
164,8501,"40.151633, -74.560497","Allentown, New Jersey",4908,"$72,295.00","#1,306"
165,7410,"40.935833, -74.117504","Fair Lawn, New Jersey",31637,"$72,127.00","#1,318"
166,7310,"40.731082, -74.038712","Jersey City, New Jersey",6416,"$72,076.00","#1,321"
167,7764,"40.287904, -74.020019","West Long Branch, New Jersey",8258,"$71,852.00","#1,344"
168,8850,"40.448582, -74.441418","Milltown, New Jersey",8461,"$71,817.00","#1,347"
169,7661,"40.927354, -74.039611","River Edge, New Jersey",10946,"$71,792.00","#1,348"
170,8852,"40.387313, -74.545983","Monmouth Junction, New Jersey",13712,"$71,712.00","#1,354"
171,8514,"40.134234, -74.491720","Cream Ridge, New Jersey",3096,"$71,711.00","#1,355"
172,7757,"40.314075, -74.017690","Oceanport, New Jersey",5542,"$71,458.00","#1,369"
173,7755,"40.263513, -74.022060","Oakhurst, New Jersey",6724,"$71,331.00","#1,383"
174,7980,"40.676874, -74.500450","Stirling, New Jersey",2499,"$71,250.00","#1,398"
175,7921,"40.656019, -74.678657","Bedminster, New Jersey",7896,"$71,219.00","#1,401"
176,7731,"40.149318, -74.204208","Howell, New Jersey",37796,"$71,153.00","#1,410"
177,7457,"40.995424, -74.315775","Riverdale, New Jersey",2498,"$71,083.00","#1,419"
178,8020,"39.790108, -75.226517","Clarksboro, New Jersey",2234,"$71,023.00","#1,426"
179,8064,"39.963394, -74.639414","New Lisbon, New Jersey",197,"$71,000.00","#1,429"
180,8041,"40.039074, -74.678698","Jobstown, New Jersey",877,"$70,948.00","#1,434"
181,8848,"40.599045, -75.093756","Milford, New Jersey",8600,"$70,876.00","#1,443"
182,8738,"40.030427, -74.054466","Mantoloking, New Jersey",1353,"$70,667.00","#1,475"
183,8536,"40.330078, -74.583273","Plainsboro, New Jersey",17748,"$70,646.00","#1,478"
184,7865,"40.784794, -74.908969","Port Murray, New Jersey",2010,"$70,607.00","#1,484"
185,8080,"39.756192, -75.121941","Sewell, New Jersey",36410,"$70,418.00","#1,500"
186,7460,"41.108749, -74.505141","Stockholm, New Jersey",3602,"$69,459.00","#1,596"
187,7874,"40.932095, -74.712590","Stanhope, New Jersey",9576,"$69,330.00","#1,608"
188,7052,"40.785753, -74.265059","West Orange, New Jersey",45106,"$69,115.00","#1,628"
189,8829,"40.669591, -74.890548","High Bridge, New Jersey",3798,"$69,063.00","#1,636"
190,7035,"40.924376, -74.304247","Lincoln Park, New Jersey",10938,"$68,988.00","#1,643"
191,8809,"40.638623, -74.903972","Clinton, New Jersey",6623,"$68,889.00","#1,652"
192,8854,"40.545640, -74.460817","Piscataway, New Jersey",50511,"$68,709.00","#1,665"
193,7403,"41.020920, -74.332852","Bloomingdale, New Jersey",7567,"$68,462.00","#1,695"
194,7716,"40.400765, -74.027841","Atlantic Highlands, New Jersey",8817,"$68,442.00","#1,697"
195,8043,"39.848539, -74.953498","Voorhees, New Jersey",28126,"$68,402.00","#1,703"
196,8730,"40.110571, -74.070347","Brielle, New Jersey",4893,"$68,368.00","#1,709"
197,7838,"40.887892, -74.911656","Great Meadows, New Jersey",3149,"$68,333.00","#1,710"
198,8085,"39.753766, -75.331040","Swedesboro, New Jersey",10703,"$68,214.00","#1,723"
199,8876,"40.525035, -74.620250","Somerville, New Jersey",41956,"$68,213.00","#1,724"
200,8873,"40.499237, -74.532086","Somerset, New Jersey",41197,"$68,047.00","#1,744"
201,8520,"40.249949, -74.524348","Hightstown, New Jersey",24723,"$67,655.00","#1,783"
202,7067,"40.592764, -74.314977","Colonia, New Jersey",18066,"$67,589.00","#1,797"
203,7080,"40.574413, -74.414800","South Plainfield, New Jersey",21796,"$67,487.00","#1,806"
204,8812,"40.598731, -74.478793","Dunellen, New Jersey",12566,"$67,377.00","#1,820"
205,7421,"41.174004, -74.352494","Hewitt, New Jersey",7639,"$67,229.00","#1,835"
206,7422,"41.183570, -74.455151","Highland Lakes, New Jersey",7177,"$67,222.00","#1,837"
207,8734,"39.862497, -74.175461","Lanoka Harbor, New Jersey",7361,"$66,928.00","#1,882"
208,8077,"40.000162, -74.991632","Riverton, New Jersey",17354,"$66,844.00","#1,892"
209,8053,"39.874438, -74.900006","Marlton, New Jersey",40194,"$66,642.00","#1,922"
210,8628,"40.276175, -74.813981","Trenton, New Jersey",9679,"$66,627.00","#1,927"
211,8512,"40.315110, -74.535193","Cranbury, New Jersey",10238,"$66,436.00","#1,943"
212,7856,"40.908684, -74.639308","Mount Arlington, New Jersey",3463,"$66,367.00","#1,951"
213,8648,"40.283038, -74.718714","Lawrence Township, New Jersey",27737,"$66,345.00","#1,953"
214,7850,"40.904312, -74.664938","Landing, New Jersey",6827,"$66,295.00","#1,959"
215,8034,"39.904611, -74.997000","Cherry Hill, New Jersey",18402,"$66,284.00","#1,961"
216,8056,"39.783669, -75.255275","Mickleton, New Jersey",2469,"$66,058.00","#1,988"
217,7718,"40.419831, -74.083815","Belford, New Jersey",6186,"$65,920.00","#2,013"
218,8230,"39.205060, -74.708381","Ocean View, New Jersey",5589,"$65,857.00","#2,023"
219,7440,"40.946468, -74.293040","Pequannock, New Jersey",4661,"$65,856.00","#2,024"
220,8857,"40.394007, -74.330124","Old Bridge, New Jersey",36142,"$65,855.00","#2,025"
221,8241,"39.530032, -74.491680","Port Republic, New Jersey",1031,"$65,833.00","#2,028"
222,7730,"40.422444, -74.174216","Hazlet, New Jersey",18509,"$65,734.00","#2,044"
223,7442,"41.002734, -74.286742","Pompton Lakes, New Jersey",10908,"$65,659.00","#2,058"
224,8830,"40.569291, -74.321106","Iselin, New Jersey",16450,"$65,506.00","#2,077"
225,7628,"40.945239, -73.992428","Dumont, New Jersey",17478,"$65,497.00","#2,080"
226,7728,"40.225793, -74.285785","Freehold, New Jersey",50747,"$65,399.00","#2,091"
227,8620,"40.141933, -74.649789","Trenton, New Jersey",15928,"$65,267.00","#2,114"
228,8527,"40.107276, -74.342925","Jackson, New Jersey",42463,"$65,198.00","#2,123"
229,7066,"40.622601, -74.313779","Clark, New Jersey",14592,"$65,019.00","#2,148"
230,7825,"40.969280, -74.957637","Blairstown, New Jersey",9419,"$64,970.00","#2,155"
231,8073,"40.009956, -74.866930","Rancocas, New Jersey",265,"$64,861.00","#2,163"
232,7832,"40.973458, -75.051078","Columbia, New Jersey",3539,"$64,850.00","#2,165"
233,7803,"40.878175, -74.600780","Mine Hill, New Jersey",3679,"$64,643.00","#2,192"
234,7604,"40.862751, -74.075182","Hasbrouck Heights, New Jersey",11662,"$64,529.00","#2,203"
235,7843,"40.938024, -74.660879","Hopatcong, New Jersey",12472,"$64,192.00","#2,240"
236,8823,"40.446854, -74.566354","Franklin Park, New Jersey",7389,"$64,051.00","#2,259"
237,8817,"40.516983, -74.392534","Edison, New Jersey",45274,"$63,980.00","#2,271"
238,7070,"40.825910, -74.110400","Rutherford, New Jersey",18110,"$63,820.00","#2,290"
239,7849,"40.965158, -74.606932","Lake Hopatcong, New Jersey",7086,"$63,785.00","#2,295"
240,8054,"39.946946, -74.906125","Mount Laurel, New Jersey",40221,"$63,750.00","#2,304"
241,7852,"40.883269, -74.668029","Ledgewood, New Jersey",2558,"$63,750.00","#2,307"
242,7723,"40.250909, -74.001999","Deal, New Jersey",1533,"$63,571.00","#2,339"
243,7663,"40.902976, -74.101061","Saddle Brook, New Jersey",13155,"$63,545.00","#2,340"
244,7020,"40.823707, -73.978099","Edgewater, New Jersey",7677,"$63,455.00","#2,354"
245,7846,"40.967531, -74.879879","Johnsonburg, New Jersey",59,"$63,333.00","#2,369"
246,8097,"39.813376, -75.150617","Woodbury Heights, New Jersey",3223,"$63,024.00","#2,403"
247,7030,"40.745122, -74.032085","Hoboken, New Jersey",38577,"$62,550.00","#2,457"
248,7727,"40.204403, -74.149231","Farmingdale, New Jersey",6203,"$62,420.00","#2,476"
249,8036,"39.985936, -74.829866","Hainesport, New Jersey",229,"$62,188.00","#2,525"
250,7621,"40.922334, -73.998001","Bergenfield, New Jersey",26272,"$62,166.00","#2,528"
251,8530,"40.370685, -74.908492","Lambertville, New Jersey",7376,"$62,137.00","#2,533"
252,7607,"40.902885, -74.063457","Maywood, New Jersey",9523,"$62,113.00","#2,539"
253,7054,"40.856841, -74.401556","Parsippany, New Jersey",27616,"$62,106.00","#2,540"
254,8042,"40.015423, -74.664271","Juliustown, New Jersey",227,"$62,000.00","#2,566"
255,8555,"40.220742, -74.470155","Roosevelt, New Jersey",945,"$61,979.00","#2,572"
256,8533,"40.070206, -74.472872","New Egypt, New Jersey",6755,"$61,966.00","#2,573"
257,7885,"40.911424, -74.609685","Wharton, New Jersey",10221,"$61,947.00","#2,577"
258,7077,"40.553712, -74.253211","Sewaren, New Jersey",2781,"$61,488.00","#2,660"
259,8081,"39.739094, -74.983741","Sicklerville, New Jersey",42891,"$61,366.00","#2,681"
260,8902,"40.439218, -74.484332","North Brunswick, New Jersey",36845,"$61,277.00","#2,704"
261,8732,"39.944115, -74.145867","Island Heights, New Jersey",1751,"$61,125.00","#2,739"
262,7042,"40.812449, -74.217330","Montclair, New Jersey",26897,"$60,962.00","#2,780"
263,7075,"40.850183, -74.087068","Wood Ridge, New Jersey",7644,"$60,949.00","#2,782"
264,7860,"41.060702, -74.807773","Newton, New Jersey",25994,"$60,904.00","#2,790"
265,8046,"40.028492, -74.886353","Willingboro, New Jersey",33008,"$60,869.00","#2,801"
266,7840,"40.859692, -74.833473","Hackettstown, New Jersey",26087,"$60,862.00","#2,803"
267,7882,"40.752121, -75.019474","Washington, New Jersey",14427,"$60,846.00","#2,806"
268,8350,"39.488386, -74.871571","Richland, New Jersey",743,"$60,833.00","#2,812"
269,7662,"40.910694, -74.082895","Rochelle Park, New Jersey",5528,"$60,818.00","#2,817"
270,8088,"39.851569, -74.701332","Vincentown, New Jersey",24372,"$60,773.00","#2,827"
271,7828,"40.883501, -74.749441","Budd Lake, New Jersey",12882,"$60,729.00","#2,838"
272,8846,"40.574089, -74.502311","Middlesex, New Jersey",13717,"$60,723.00","#2,840"
273,7439,"41.080090, -74.597626","Ogdensburg, New Jersey",2650,"$60,688.00","#2,851"
274,7095,"40.553151, -74.288563","Woodbridge, New Jersey",20298,"$60,600.00","#2,869"
275,7083,"40.695266, -74.269078","Union, New Jersey",50766,"$60,487.00","#2,895"
276,8859,"40.453482, -74.311779","Parlin, New Jersey",20129,"$60,486.00","#2,896"
277,8317,"39.405031, -74.821265","Dorothy, New Jersey",1180,"$60,455.00","#2,905"
278,7420,"41.030354, -74.300779","Haskell, New Jersey",4767,"$60,428.00","#2,909"
279,7512,"40.904737, -74.221751","Totowa, New Jersey",9892,"$60,408.00","#2,913"
280,7419,"41.159776, -74.560291","Hamburg, New Jersey",7165,"$60,396.00","#2,922"
281,8741,"39.933966, -74.168198","Pine Beach, New Jersey",2436,"$60,227.00","#2,970"
282,7717,"40.191938, -74.015037","Avon By The Sea, New Jersey",2244,"$60,192.00","#2,980"
283,7034,"40.881309, -74.382628","Lake Hiawatha, New Jersey",9320,"$60,187.00","#2,982"
284,8828,"40.379795, -74.421591","Helmetta, New Jersey",1825,"$60,125.00","#2,997"
285,7013,"40.869405, -74.173062","Clifton, New Jersey",24721,"$60,118.00","#3,002"
286,8221,"39.343718, -74.571049","Linwood, New Jersey",7172,"$60,000.00","#3,027"
287,7762,"40.153878, -74.036112","Spring Lake, New Jersey",9216,"$59,883.00","#3,044"
288,7826,"41.188409, -74.771236","Branchville, New Jersey",5833,"$59,875.00","#3,045"
289,7701,"40.358855, -74.080266","Red Bank, New Jersey",23068,"$59,851.00","#3,051"
290,7603,"40.875012, -74.029072","Bogota, New Jersey",8249,"$59,813.00","#3,057"
291,7094,"40.782013, -74.060778","Secaucus, New Jersey",15931,"$59,800.00","#3,060"
292,7110,"40.820570, -74.156072","Nutley, New Jersey",27362,"$59,634.00","#3,083"
293,7424,"40.882454, -74.205834","Little Falls, New Jersey",21842,"$59,611.00","#3,088"
294,7064,"40.568447, -74.247736","Port Reading, New Jersey",3828,"$59,531.00","#3,105"
295,7033,"40.678089, -74.288114","Kenilworth, New Jersey",7701,"$59,482.00","#3,114"
296,7461,"41.246268, -74.610416","Sussex, New Jersey",18296,"$59,458.00","#3,118"
297,8825,"40.514186, -75.027170","Frenchtown, New Jersey",4675,"$59,432.00","#3,120"
298,7462,"41.198457, -74.495577","Vernon, New Jersey",6733,"$59,187.00","#3,159"
299,7606,"40.862155, -74.054377","South Hackensack, New Jersey",2185,"$59,167.00","#3,163"
300,7646,"40.934161, -74.019453","New Milford, New Jersey",16400,"$59,118.00","#3,171"
301,7758,"40.430684, -74.103295","Port Monmouth, New Jersey",4892,"$59,097.00","#3,175"
302,8722,"39.928405, -74.202189","Beachwood, New Jersey",10375,"$59,022.00","#3,184"
303,7205,"40.695889, -74.228800","Hillside, New Jersey",21737,"$59,014.00","#3,186"
304,8505,"40.100251, -74.717307","Bordentown, New Jersey",14789,"$58,844.00","#3,212"
305,8328,"39.579668, -75.056375","Malaga, New Jersey",1476,"$58,833.00","#3,215"
306,8035,"39.879661, -75.066162","Haddon Heights, New Jersey",7547,"$58,424.00","#3,289"
307,7631,"40.891197, -73.972515","Englewood, New Jersey",26203,"$58,379.00","#3,296"
308,7014,"40.831352, -74.135424","Clifton, New Jersey",4442,"$58,359.00","#3,300"
309,8348,"39.334598, -74.983614","Port Elizabeth, New Jersey",455,"$58,333.00","#3,303"
310,7724,"40.298625, -74.074178","Eatontown, New Jersey",23221,"$58,265.00","#3,322"
311,7863,"40.808136, -74.957899","Oxford, New Jersey",3873,"$58,250.00","#3,330"
312,7024,"40.850065, -73.973777","Fort Lee, New Jersey",35461,"$58,161.00","#3,339"
313,8329,"39.275985, -75.007658","Mauricetown, New Jersey",162,"$58,036.00","#3,374"
314,8060,"39.995248, -74.799256","Mount Holly, New Jersey",36915,"$58,022.00","#3,380"
315,8872,"40.463352, -74.345433","Sayreville, New Jersey",18640,"$57,961.00","#3,395"
316,8067,"39.739885, -75.411655","Pedricktown, New Jersey",1641,"$57,708.00","#3,443"
317,8619,"40.242301, -74.696408","Trenton, New Jersey",22503,"$57,696.00","#3,446"
318,8026,"39.833065, -74.965087","Gibbsboro, New Jersey",2435,"$57,326.00","#3,522"
319,8004,"39.768106, -74.844456","Atco, New Jersey",14299,"$57,261.00","#3,543"
320,7719,"40.168908, -74.073226","Belmar, New Jersey",21697,"$57,113.00","#3,586"
321,8837,"40.515370, -74.349011","Edison, New Jersey",14855,"$57,013.00","#3,614"
322,8090,"39.799077, -75.150692","Wenonah, New Jersey",8586,"$56,944.00","#3,636"
323,8202,"39.094697, -74.736156","Avalon, New Jersey",2234,"$56,932.00","#3,641"
324,8863,"40.537300, -74.311151","Fords, New Jersey",11698,"$56,903.00","#3,650"
325,8225,"39.362667, -74.530934","Northfield, New Jersey",7773,"$56,858.00","#3,662"
326,8753,"39.979031, -74.160429","Toms River, New Jersey",63277,"$56,526.00","#3,749"
327,7428,"41.181315, -74.517986","Mc Afee, New Jersey",127,"$56,500.00","#3,753"
328,8542,"40.354274, -74.660505","Princeton, New Jersey",3578,"$56,149.00","#3,830"
329,7801,"40.901473, -74.565394","Dover, New Jersey",24396,"$56,082.00","#3,843"
330,8742,"40.080479, -74.062219","Point Pleasant Beach, New Jersey",26266,"$55,998.00","#3,865"
331,8884,"40.394165, -74.392072","Spotswood, New Jersey",7892,"$55,833.00","#3,912"
332,8343,"39.636316, -75.167607","Monroeville, New Jersey",4596,"$55,546.00","#3,986"
333,8098,"39.638274, -75.324411","Woodstown, New Jersey",8335,"$55,490.00","#4,002"
334,7001,"40.582316, -74.271506","Avenel, New Jersey",14188,"$55,468.00","#4,007"
335,8009,"39.760656, -74.932860","Berlin, New Jersey",11869,"$55,369.00","#4,035"
336,7506,"40.956957, -74.158561","Hawthorne, New Jersey",18211,"$55,340.00","#4,047"
337,7833,"40.892562, -75.069300","Delaware, New Jersey",159,"$55,313.00","#4,055"
338,8212,"38.936909, -74.965374","Cape May Point, New Jersey",241,"$55,313.00","#4,059"
339,8022,"40.067590, -74.705741","Columbus, New Jersey",5735,"$55,309.00","#4,061"
340,8019,"39.779138, -74.521162","Chatsworth, New Jersey",883,"$55,288.00","#4,071"
341,8319,"39.370409, -74.810816","Estell Manor, New Jersey",1204,"$55,074.00","#4,124"
342,7072,"40.826424, -74.062338","Carlstadt, New Jersey",5917,"$55,058.00","#4,129"
343,8318,"39.557728, -75.177717","Elmer, New Jersey",12053,"$54,987.00","#4,156"
344,8554,"40.115259, -74.778861","Roebling, New Jersey",3656,"$54,848.00","#4,180"
345,8091,"39.807116, -74.924178","West Berlin, New Jersey",5237,"$54,708.00","#4,205"
346,8831,"40.334355, -74.432508","Monroe Township, New Jersey",34370,"$54,685.00","#4,214"
347,8562,"40.071307, -74.607500","Wrightstown, New Jersey",4776,"$54,227.00","#4,340"
348,8016,"40.068937, -74.827043","Burlington, New Jersey",30820,"$54,114.00","#4,381"
349,7657,"40.832337, -74.015134","Ridgefield, New Jersey",10830,"$54,081.00","#4,396"
350,8322,"39.610619, -75.048907","Franklinville, New Jersey",9357,"$54,028.00","#4,408"
351,7204,"40.665272, -74.266616","Roselle Park, New Jersey",13255,"$53,989.00","#4,417"
352,8887,"40.526703, -74.788644","Three Bridges, New Jersey",994,"$53,828.00","#4,446"
353,8724,"40.090149, -74.116852","Brick, New Jersey",42939,"$53,827.00","#4,448"
354,8012,"39.782579, -75.055596","Blackwood, New Jersey",39208,"$53,479.00","#4,535"
355,8027,"39.823144, -75.289522","Gibbstown, New Jersey",4873,"$53,454.00","#4,542"
356,7823,"40.821516, -75.033111","Belvidere, New Jersey",7366,"$53,402.00","#4,561"
357,7071,"40.791792, -74.102972","Lyndhurst, New Jersey",19383,"$53,375.00","#4,572"
358,7063,"40.605118, -74.444522","Plainfield, New Jersey",12153,"$53,373.00","#4,574"
359,8755,"40.008440, -74.221884","Toms River, New Jersey",22993,"$53,272.00","#4,607"
360,8904,"40.500795, -74.427911","Highland Park, New Jersey",13999,"$53,250.00","#4,614"
361,7003,"40.809128, -74.187155","Bloomfield, New Jersey",47630,"$53,225.00","#4,619"
362,7735,"40.450109, -74.172274","Keyport, New Jersey",20658,"$53,146.00","#4,638"
363,8312,"39.663737, -75.077192","Clayton, New Jersey",7067,"$53,125.00","#4,655"
364,8879,"40.466131, -74.283122","South Amboy, New Jersey",21956,"$52,976.00","#4,702"
365,8075,"40.026676, -74.947054","Riverside, New Jersey",26368,"$52,873.00","#4,731"
366,8032,"39.780717, -75.059807","Grenloch, New Jersey",399,"$52,857.00","#4,734"
367,8721,"39.905041, -74.177164","Bayville, New Jersey",17148,"$52,778.00","#4,761"
368,7508,"40.955744, -74.183873","Haledon, New Jersey",21958,"$52,695.00","#4,790"
369,8234,"39.388393, -74.620728","Egg Harbor Township, New Jersey",30058,"$52,618.00","#4,812"
370,7027,"40.651249, -74.323137","Garwood, New Jersey",4153,"$52,571.00","#4,828"
371,7062,"40.631253, -74.403884","Plainfield, New Jersey",13303,"$52,568.00","#4,830"
372,8731,"39.873620, -74.252511","Forked River, New Jersey",17983,"$52,507.00","#4,846"
373,8006,"39.752007, -74.110893","Barnegat Light, New Jersey",764,"$52,361.00","#4,911"
374,8323,"39.396273, -75.367551","Greenwich, New Jersey",837,"$52,344.00","#4,919"
375,8882,"40.445652, -74.378459","South River, New Jersey",15322,"$52,324.00","#4,928"
376,7407,"40.904526, -74.119514","Elmwood Park, New Jersey",18925,"$52,319.00","#4,932"
377,8089,"39.723889, -74.813753","Waterford Works, New Jersey",3979,"$52,310.00","#4,935"
378,8002,"39.931989, -75.023935","Cherry Hill, New Jersey",20800,"$52,121.00","#5,009"
379,8038,"39.474765, -75.489241","Hancocks Bridge, New Jersey",282,"$51,964.00","#5,069"
380,8247,"39.052267, -74.783628","Stone Harbor, New Jersey",1204,"$51,875.00","#5,103"
381,8361,"39.451537, -74.960026","Vineland, New Jersey",16400,"$51,839.00","#5,125"
382,7660,"40.854705, -74.019926","Ridgefield Park, New Jersey",12873,"$51,825.00","#5,130"
383,7031,"40.782994, -74.124708","North Arlington, New Jersey",15181,"$51,787.00","#5,144"
384,7847,"40.889346, -74.623879","Kenvil, New Jersey",1498,"$51,750.00","#5,151"
385,8050,"39.705853, -74.260285","Manahawkin, New Jersey",20556,"$51,726.00","#5,161"
386,8083,"39.841266, -75.028593","Somerdale, New Jersey",9874,"$51,613.00","#5,202"
387,8832,"40.515837, -74.313500","Keasbey, New Jersey",3018,"$51,411.00","#5,284"
388,7060,"40.630507, -74.431593","Plainfield, New Jersey",49040,"$51,406.00","#5,285"
389,8051,"39.788218, -75.182443","Mantua, New Jersey",10235,"$51,404.00","#5,288"
390,8201,"39.471343, -74.447517","Absecon, New Jersey",34958,"$51,397.00","#5,290"
391,8869,"40.572127, -74.646514","Raritan, New Jersey",6431,"$51,278.00","#5,345"
392,8223,"39.275617, -74.672540","Marmora, New Jersey",4384,"$51,272.00","#5,348"
393,8835,"40.544163, -74.584313","Manville, New Jersey",10354,"$51,258.00","#5,354"
394,7203,"40.652211, -74.260158","Roselle, New Jersey",21274,"$51,254.00","#5,356"
395,8403,"39.318681, -74.543485","Longport, New Jersey",1156,"$51,176.00","#5,405"
396,8065,"40.001838, -75.032208","Palmyra, New Jersey",7091,"$51,150.00","#5,419"
397,8086,"39.840463, -75.189510","Thorofare, New Jersey",5424,"$51,146.00","#5,420"
398,8084,"39.828957, -75.015458","Stratford, New Jersey",7271,"$50,977.00","#5,480"
399,7753,"40.210835, -74.074213","Neptune, New Jersey",32465,"$50,927.00","#5,504"
400,8270,"39.276725, -74.797368","Woodbine, New Jersey",8348,"$50,816.00","#5,546"
401,7065,"40.607152, -74.280531","Rahway, New Jersey",28446,"$50,729.00","#5,590"
402,8518,"40.114445, -74.804937","Florence, New Jersey",4925,"$50,709.00","#5,596"
403,8001,"39.560014, -75.357133","Alloway, New Jersey",460,"$50,682.00","#5,604"
404,8805,"40.570621, -74.537518","Bound Brook, New Jersey",12053,"$50,634.00","#5,625"
405,8071,"39.733304, -75.135333","Pitman, New Jersey",9814,"$50,596.00","#5,655"
406,7074,"40.841361, -74.057656","Moonachie, New Jersey",2754,"$50,571.00","#5,661"
407,8346,"39.562976, -74.858320","Newtonville, New Jersey",680,"$50,357.00","#5,761"
408,8528,"40.391847, -74.619948","Kingston, New Jersey",143,"$50,313.00","#5,789"
409,8210,"39.119086, -74.823186","Cape May Court House, New Jersey",14498,"$50,250.00","#5,825"
410,8094,"39.650587, -74.959292","Williamstown, New Jersey",32832,"$50,206.00","#5,845"
411,7073,"40.817097, -74.085024","East Rutherford, New Jersey",8716,"$50,163.00","#5,867"
412,8723,"40.038085, -74.120818","Brick, New Jersey",31872,"$50,069.00","#5,912"
413,8330,"39.472768, -74.741809","Mays Landing, New Jersey",21838,"$49,960.00","#5,957"
414,7643,"40.847184, -74.039257","Little Ferry, New Jersey",10800,"$49,958.00","#5,958"
415,7012,"40.846569, -74.157072","Clifton, New Jersey",12179,"$49,873.00","#5,987"
416,8610,"40.192939, -74.714254","Trenton, New Jersey",29298,"$49,710.00","#6,050"
417,8096,"39.826057, -75.125482","Woodbury, New Jersey",32951,"$49,702.00","#6,054"
418,7851,"41.123325, -74.934412","Layton, New Jersey",250,"$49,583.00","#6,094"
419,8108,"39.915048, -75.062244","Collingswood, New Jersey",18557,"$49,530.00","#6,118"
420,7601,"40.889694, -74.046340","Hackensack, New Jersey",42677,"$49,316.00","#6,191"
421,8005,"39.764476, -74.307856","Barnegat, New Jersey",16812,"$49,292.00","#6,200"
422,8109,"39.950637, -75.049324","Merchantville, New Jersey",22710,"$49,289.00","#6,203"
423,7857,"40.899232, -74.700823","Netcong, New Jersey",3248,"$49,224.00","#6,231"
424,8353,"39.462259, -75.292520","Shiloh, New Jersey",534,"$49,191.00","#6,243"
425,8880,"40.553947, -74.527455","South Bound Brook, New Jersey",4492,"$48,984.00","#6,324"
426,8063,"39.865145, -75.181649","National Park, New Jersey",3298,"$48,922.00","#6,350"
427,8344,"39.561745, -74.986037","Newfield, New Jersey",6239,"$48,879.00","#6,366"
428,8015,"39.948419, -74.549314","Browns Mills, New Jersey",21113,"$48,826.00","#6,386"
429,8561,"40.249939, -74.578389","Windsor, New Jersey",314,"$48,611.00","#6,476"
430,7109,"40.795515, -74.161850","Belleville, New Jersey",35900,"$48,608.00","#6,478"
431,7827,"41.280864, -74.730427","Montague, New Jersey",3903,"$48,438.00","#6,548"
432,8010,"40.053356, -74.918438","Beverly, New Jersey",10585,"$48,162.00","#6,653"
433,7650,"40.846603, -73.996336","Palisades Park, New Jersey",17073,"$48,015.00","#6,714"
434,7721,"40.436522, -74.234672","Cliffwood, New Jersey",2573,"$47,906.00","#6,768"
435,8224,"39.593814, -74.459047","New Gretna, New Jersey",543,"$47,813.00","#6,801"
436,7032,"40.752794, -74.128811","Kearny, New Jersey",40548,"$47,757.00","#6,828"
437,8037,"39.635918, -74.773067","Hammonton, New Jersey",22461,"$47,500.00","#6,951"
438,8070,"39.619113, -75.512237","Pennsville, New Jersey",12951,"$47,321.00","#7,033"
439,8106,"39.890992, -75.073329","Audubon, New Jersey",10284,"$47,220.00","#7,081"
440,7008,"40.584543, -74.228223","Carteret, New Jersey",20709,"$47,148.00","#7,120"
441,7416,"41.117042, -74.603086","Franklin, New Jersey",5780,"$46,885.00","#7,278"
442,7010,"40.822040, -73.987850","Cliffside Park, New Jersey",23007,"$46,288.00","#7,596"
443,8049,"39.854400, -75.038524","Magnolia, New Jersey",5427,"$46,250.00","#7,642"
444,8068,"39.959242, -74.660551","Pemberton, New Jersey",6691,"$46,136.00","#7,699"
445,7732,"40.401268, -73.993710","Highlands, New Jersey",5214,"$46,092.00","#7,725"
446,8008,"39.756653, -74.132728","Beach Haven, New Jersey",7792,"$45,974.00","#7,806"
447,7036,"40.625643, -74.243483","Linden, New Jersey",40880,"$45,960.00","#7,820"
448,8758,"39.792858, -74.264215","Waretown, New Jersey",5355,"$45,906.00","#7,852"
449,8402,"39.329808, -74.505791","Margate City, New Jersey",8193,"$45,876.00","#7,863"
450,8311,"39.327866, -75.204035","Cedarville, New Jersey",1851,"$45,809.00","#7,904"
451,8243,"39.151013, -74.696319","Sea Isle City, New Jersey",2835,"$45,708.00","#7,957"
452,7057,"40.853084, -74.106323","Wallington, New Jersey",11583,"$45,656.00","#7,984"
453,8052,"39.952381, -74.994896","Maple Shade, New Jersey",19079,"$45,426.00","#8,129"
454,7504,"40.912224, -74.141613","Paterson, New Jersey",13072,"$45,412.00","#8,142"
455,8061,"39.802302, -75.200878","Mount Royal, New Jersey",713,"$45,313.00","#8,200"
456,7302,"40.720262, -74.046496","Jersey City, New Jersey",31769,"$45,223.00","#8,252"
457,8087,"39.587126, -74.371879","Tuckerton, New Jersey",20064,"$45,075.00","#8,334"
458,8059,"39.884418, -75.092268","Mount Ephraim, New Jersey",5402,"$44,973.00","#8,406"
459,8045,"39.867080, -75.029086","Lawnside, New Jersey",2671,"$44,926.00","#8,427"
460,8028,"39.696036, -75.127841","Glassboro, New Jersey",20334,"$44,805.00","#8,482"
461,8092,"39.651575, -74.281121","West Creek, New Jersey",3003,"$44,792.00","#8,490"
462,8821,"40.520946, -74.681625","Flagtown, New Jersey",307,"$44,659.00","#8,556"
463,8203,"39.409603, -74.390116","Brigantine, New Jersey",12594,"$44,639.00","#8,567"
464,8110,"39.975186, -75.048788","Pennsauken, New Jersey",16006,"$44,443.00","#8,680"
465,8215,"39.562305, -74.581969","Egg Harbor City, New Jersey",12511,"$44,420.00","#8,692"
466,8629,"40.220723, -74.731100","Trenton, New Jersey",11102,"$44,418.00","#8,694"
467,7608,"40.852999, -74.060355","Teterboro, New Jersey",18,"$44,167.00","#8,823"
468,8226,"39.259040, -74.606119","Ocean City, New Jersey",15378,"$44,158.00","#8,832"
469,8865,"40.708224, -75.147074","Phillipsburg, New Jersey",28925,"$44,092.00","#8,857"
470,7502,"40.918677, -74.194818","Paterson, New Jersey",13719,"$44,087.00","#8,858"
471,8031,"39.867686, -75.093563","Bellmawr, New Jersey",11639,"$43,987.00","#8,905"
472,8007,"39.865560, -75.053579","Barrington, New Jersey",5378,"$43,891.00","#8,962"
473,7011,"40.879847, -74.145773","Clifton, New Jersey",36979,"$43,850.00","#8,994"
474,8324,"39.214626, -74.996612","Heislerville, New Jersey",451,"$43,833.00","#9,003"
475,8093,"39.862488, -75.141054","Westville, New Jersey",10043,"$43,696.00","#9,093"
476,8735,"39.981695, -74.071306","Lavallette, New Jersey",4450,"$43,636.00","#9,127"
477,8752,"39.833476, -74.091124","Seaside Park, New Jersey",2927,"$43,478.00","#9,234"
478,7644,"40.877913, -74.082485","Lodi, New Jersey",23971,"$43,421.00","#9,274"
479,8340,"39.437245, -74.876499","Milmay, New Jersey",872,"$43,352.00","#9,323"
480,7088,"40.718239, -74.283845","Vauxhall, New Jersey",3411,"$43,030.00","#9,520"
481,7026,"40.879797, -74.108250","Garfield, New Jersey",29850,"$42,770.00","#9,692"
482,7935,"40.730048, -74.453965","Green Village, New Jersey",515,"$42,639.00","#9,786"
483,8406,"39.344153, -74.483384","Ventnor City, New Jersey",12910,"$42,478.00","#9,902"
484,8244,"39.318683, -74.599110","Somers Point, New Jersey",11665,"$42,341.00","#10,008"
485,8029,"39.840937, -75.067211","Glendora, New Jersey",4943,"$42,233.00","#10,097"
486,7029,"40.743664, -74.152959","Harrison, New Jersey",16766,"$41,864.00","#10,448"
487,8217,"39.577456, -74.719645","Elwood, New Jersey",219,"$41,761.00","#10,522"
488,8638,"40.254018, -74.763385","Trenton, New Jersey",26120,"$41,721.00","#10,564"
489,7002,"40.665183, -74.110059","Bayonne, New Jersey",61842,"$41,566.00","#10,669"
490,8640,"40.004416, -74.591269","Fort Dix, New Jersey",7451,"$41,456.00","#10,757"
491,7734,"40.443198, -74.133625","Keansburg, New Jersey",13889,"$41,318.00","#10,862"
492,8021,"39.806194, -75.000151","Clementon, New Jersey",45848,"$41,160.00","#11,023"
493,8740,"39.925846, -74.134614","Ocean Gate, New Jersey",2072,"$41,067.00","#11,094"
494,8107,"39.909000, -75.080627","Oaklyn, New Jersey",13500,"$41,019.00","#11,135"
495,7720,"40.201604, -74.012056","Bradley Beach, New Jersey",4793,"$40,878.00","#11,273"
496,7047,"40.794175, -74.024960","North Bergen, New Jersey",58108,"$40,844.00","#11,299"
497,8078,"39.851738, -75.074803","Runnemede, New Jersey",8379,"$40,811.00","#11,337"
498,8204,"38.967042, -74.907817","Cape May, New Jersey",18831,"$40,766.00","#11,382"
499,8332,"39.371364, -75.061920","Millville, New Jersey",33887,"$40,471.00","#11,648"
500,7022,"40.821054, -74.003061","Fairview, New Jersey",13255,"$40,393.00","#11,740"
501,8023,"39.685128, -75.487125","Deepwater, New Jersey",345,"$40,357.00","#11,777"
502,7712,"40.246796, -74.055541","Asbury Park, New Jersey",39908,"$40,046.00","#12,097"
503,8349,"39.248953, -75.092256","Port Norris, New Jersey",2497,"$39,602.00","#12,481"
504,7208,"40.673830, -74.226408","Elizabeth, New Jersey",32359,"$39,350.00","#12,705"
505,8511,"40.043738, -74.547654","Cookstown, New Jersey",1133,"$39,050.00","#12,958"
506,8314,"39.204310, -74.940870","Delmont, New Jersey",1986,"$39,000.00","#13,002"
507,7740,"40.295591, -73.993543","Long Branch, New Jersey",31671,"$38,733.00","#13,265"
508,7307,"40.754890, -74.060750","Jersey City, New Jersey",46093,"$38,720.00","#13,271"
509,8030,"39.889634, -75.115850","Gloucester City, New Jersey",13461,"$38,243.00","#13,691"
510,7513,"40.905381, -74.148205","Paterson, New Jersey",12807,"$38,190.00","#13,736"
511,8861,"40.522216, -74.274020","Perth Amboy, New Jersey",49368,"$38,188.00","#13,741"
512,7305,"40.698119, -74.080370","Jersey City, New Jersey",58542,"$38,169.00","#13,754"
513,8352,"39.474017, -75.130336","Rosenhayn, New Jersey",825,"$38,056.00","#13,863"
514,8048,"39.968821, -74.811259","Lumberton, New Jersey",663,"$37,857.00","#14,061"
515,8232,"39.392795, -74.517815","Pleasantville, New Jersey",17907,"$37,370.00","#14,512"
516,8327,"39.248618, -74.960307","Leesburg, New Jersey",2666,"$37,212.00","#14,708"
517,8316,"39.274671, -74.967507","Dorchester, New Jersey",283,"$37,188.00","#14,739"
518,8079,"39.542408, -75.431684","Salem, New Jersey",11844,"$37,114.00","#14,824"
519,8066,"39.830410, -75.225702","Paulsboro, New Jersey",8373,"$36,848.00","#15,147"
520,8252,"39.038064, -74.856932","Whitesboro, New Jersey",821,"$36,838.00","#15,156"
521,7111,"40.723860, -74.232517","Irvington, New Jersey",60727,"$36,590.00","#15,428"
522,8618,"40.247077, -74.786529","Trenton, New Jersey",37144,"$36,289.00","#15,772"
523,8641,"40.029317, -74.587752","Trenton, New Jersey",6849,"$36,272.00","#15,784"
524,8360,"39.495524, -75.008665","Vineland, New Jersey",39674,"$36,163.00","#15,983"
525,8733,"40.014963, -74.353433","Lakehurst, New Jersey",15807,"$36,147.00","#16,007"
526,8901,"40.484302, -74.444308","New Brunswick, New Jersey",48652,"$36,048.00","#16,146"
527,8069,"39.699258, -75.445180","Penns Grove, New Jersey",12468,"$35,857.00","#16,386"
528,8302,"39.439049, -75.257663","Bridgeton, New Jersey",44450,"$35,835.00","#16,401"
529,7050,"40.768040, -74.235692","Orange, New Jersey",32868,"$35,759.00","#16,507"
530,8701,"40.077041, -74.200383","Lakewood, New Jersey",60392,"$35,647.00","#16,653"
531,8072,"39.544638, -75.418268","Quinton, New Jersey",251,"$35,500.00","#16,860"
532,7202,"40.644032, -74.215183","Elizabeth, New Jersey",37298,"$35,347.00","#17,095"
533,8245,"39.175772, -74.816825","South Dennis, New Jersey",94,"$35,250.00","#17,225"
534,8039,"39.682054, -75.275247","Harrisonville, New Jersey",153,"$35,250.00","#17,226"
535,7514,"40.922096, -74.142524","Paterson, New Jersey",18312,"$35,115.00","#17,381"
536,7105,"40.723013, -74.140954","Newark, New Jersey",44391,"$35,044.00","#17,458"
537,8014,"39.804702, -75.349468","Bridgeport, New Jersey",635,"$34,853.00","#17,647"
538,7306,"40.734932, -74.070495","Jersey City, New Jersey",54912,"$34,808.00","#17,695"
539,7093,"40.788031, -74.011606","West New York, New Jersey",56559,"$34,745.00","#17,768"
540,8345,"39.284301, -75.157520","Newport, New Jersey",834,"$34,063.00","#18,538"
541,8251,"39.031725, -74.923929","Villas, New Jersey",10073,"$33,726.00","#18,945"
542,7055,"40.856413, -74.126940","Passaic, New Jersey",67869,"$33,633.00","#19,013"
543,7017,"40.771410, -74.207171","East Orange, New Jersey",39466,"$33,418.00","#19,249"
544,7087,"40.767853, -74.028069","Union City, New Jersey",80589,"$33,132.00","#19,571"
545,7201,"40.681553, -74.177967","Elizabeth, New Jersey",27655,"$33,088.00","#19,653"
546,7106,"40.741799, -74.230425","Newark, New Jersey",33970,"$32,877.00","#19,875"
547,7503,"40.897455, -74.154174","Paterson, New Jersey",19064,"$32,668.00","#20,092"
548,7524,"40.931711, -74.156870","Paterson, New Jersey",13057,"$32,558.00","#20,212"
549,8341,"39.514866, -74.958415","Minotola, New Jersey",2042,"$32,204.00","#20,678"
550,7756,"40.212092, -74.008223","Ocean Grove, New Jersey",4263,"$31,991.00","#20,997"
551,7522,"40.924959, -74.179096","Paterson, New Jersey",21677,"$31,728.00","#21,352"
552,7304,"40.717234, -74.074096","Jersey City, New Jersey",42323,"$31,685.00","#21,406"
553,7018,"40.755613, -74.218781","East Orange, New Jersey",30433,"$31,536.00","#21,594"
554,8609,"40.224974, -74.742152","Trenton, New Jersey",15166,"$30,995.00","#22,330"
555,8611,"40.205509, -74.753197","Trenton, New Jersey",23868,"$30,960.00","#22,368"
556,8310,"39.523751, -74.887132","Buena, New Jersey",1682,"$30,833.00","#22,528"
557,7206,"40.651594, -74.189279","Elizabeth, New Jersey",23315,"$30,637.00","#22,772"
558,8326,"39.525273, -74.936920","Landisville, New Jersey",1280,"$30,625.00","#22,816"
559,8751,"39.946092, -74.078974","Seaside Heights, New Jersey",4915,"$30,611.00","#22,843"
560,8260,"38.986666, -74.827161","Wildwood, New Jersey",15326,"$30,487.00","#23,010"
561,7112,"40.710735, -74.211412","Newark, New Jersey",26986,"$30,392.00","#23,143"
562,8757,"39.963623, -74.257549","Toms River, New Jersey",33448,"$30,177.00","#23,423"
563,8242,"39.020888, -74.864051","Rio Grande, New Jersey",2918,"$29,891.00","#23,747"
564,8321,"39.239767, -75.171824","Fortescue, New Jersey",233,"$29,583.00","#24,051"
565,7104,"40.767910, -74.168380","Newark, New Jersey",51358,"$28,262.00","#25,407"
566,8105,"39.952576, -75.090040","Camden, New Jersey",30762,"$27,485.00","#26,160"
567,8401,"39.372200, -74.453868","Atlantic City, New Jersey",40517,"$26,969.00","#26,673"
568,8095,"39.659484, -74.868079","Winslow, New Jersey",184,"$26,806.00","#26,826"
569,7107,"40.760696, -74.187812","Newark, New Jersey",35997,"$25,095.00","#28,156"
570,7501,"40.911998, -74.170965","Paterson, New Jersey",32998,"$24,938.00","#28,267"
571,7505,"40.916204, -74.171459","Paterson, New Jersey",4531,"$24,135.00","#28,736"
572,8759,"39.947674, -74.366913","Manchester Township, New Jersey",17417,"$23,914.00","#28,852"
573,8104,"39.917545, -75.111385","Camden, New Jersey",24602,"$23,878.00","#28,875"
574,8103,"39.934921, -75.108933","Camden, New Jersey",15566,"$23,139.00","#29,277"
575,7103,"40.738890, -74.195397","Newark, New Jersey",31455,"$20,591.00","#30,363"
576,7108,"40.722981, -74.200251","Newark, New Jersey",25001,"$19,127.00","#30,748"
577,8608,"40.219897, -74.766464","Trenton, New Jersey",1095,"$17,083.00","#31,130"
578,8102,"39.950423, -75.120259","Camden, New Jersey",9866,"$16,573.00","#31,204"
579,7114,"40.697362, -74.170093","Newark, New Jersey",11792,"$14,457.00","#31,456"
580,7102,"40.735593, -74.173744","Newark, New Jersey",12408,"$13,421.00","#31,546"
581,8625,"40.207185, -74.756664","Trenton, New Jersey",1834,$0.00,"#31,897"
